frame_idx,timestamp,left_knee_flexion,right_knee_flexion,left_hip_flexion,right_hip_flexion,left_ankle_dorsiflexion,right_ankle_dorsiflexion,left_elbow_flexion,right_elbow_flexion,trunk_lateral_lean,trunk_sagittal_lean,pelvis_obliquity,pelvis_rotation,left_thigh_angle,right_thigh_angle,left_shank_angle,right_shank_angle,trunk_segment_angle,left_valgus_clinical,right_valgus_clinical,left_arm_swing,right_arm_swing,arm_swing_asymmetry,left_knee_ang_vel,right_knee_ang_vel,left_hip_ang_vel,right_hip_ang_vel,left_heel_strike,right_heel_strike,left_toe_off,right_toe_off,stance_left,stance_right,double_support,step_width,foot_progression_angle
25,0.4166666666666667,150.3414684878835,111.76595494130459,143.41254769051469,174.03070369824738,146.45495784382268,151.3673654686275,130.3893743053663,154.9437440259375,-5.5525949160853365,5.555599305056379,5.001971093841392,8.752332903033148,-21.176282048129718,1.637242428035009,8.180896228157389,70.0043238649297,-5.577646035163584,11.024187930540661,29.603790560948717,60.34742427724392,7.894476525035632,52.45294775220829,0.0,0.0,0.0,0.0,False,False,False,False,False,False,False,0.40691125560118313,41.33618176348471
26,0.43333333333333335,143.40336319244713,103.51002391572639,142.91795590186115,169.65058969338054,154.29369376346747,154.3993179952984,130.3066579908598,154.92561296969782,-6.4211173555734815,6.429982188560287,5.125008264510097,8.968759268434791,-21.127697929189587,1.6133754746503495,8.12751317947448,69.96457745107655,-5.668000632088674,12.836293092918972,29.567730593126345,60.621376832209194,8.002243147297474,52.619133684911716,6.118030057407395,0.9527676279896014,1.5681004825228229,11.07438765523284,False,False,False,False,False,False,False,0.40510195210325844,40.415023014037665
27,0.45,138.25453653014247,98.54283535450044,143.46774157261925,165.34046285545378,161.69063810155936,156.46361641971956,114.20517650382487,151.2580230715995,-7.17972424270412,7.193484072155719,1.4127172927239517,2.466156599682989,-17.204689628049202,-21.324813901752833,24.652607346952486,67.75457228172488,-7.228549308589122,14.098790934246681,28.766151058026434,31.37313280162396,0.4099216492528795,30.96321115237108,-756.1251519857865,-1243.691052434559,40.984995701920184,-631.2815445955187,False,False,False,False,False,False,False,0.11530292092743864,38.494958671906126
28,0.4666666666666667,136.22486140725624,99.21894015821157,145.82506631697794,161.21090748190218,168.06699745900758,156.612524790556,110.4432816914617,150.3057747634933,-7.711241994107826,7.7259586601206545,2.786532475103171,4.867254722572135,-16.151892292960554,-26.24058499832357,28.171218030434492,66.86722640051809,-7.553283525986745,14.47344195756629,26.711309926480794,25.288344800115578,2.4788706857403198,22.80947411437526,-147.94880090442064,-241.70551292448977,22.201731339011417,-279.92433632558914,False,False,False,True,False,False,False,0.2440879819912484,36.18669837318315
29,0.48333333333333334,137.75416594218763,106.23329856131689,150.2471573608122,157.37861825123966,172.87362335495266,154.06794753398566,109.80005441348975,150.1305798727984,-7.91357167049091,7.922548216828474,2.749628409080205,4.802694403880395,-16.166793998466392,-26.611624201122027,28.52433188040009,66.79030489027369,-7.686358871481925,13.99319140096095,23.372427180460605,24.76865442335188,2.7233375500440493,22.04531687330783,-22.080933328338688,-17.647061553135757,-12.383112831111589,-25.572519865236814,True,False,False,False,True,False,False,0.25165310159671095,33.96024085544083
30,0.5,142.10440642874178,118.45310733284676,156.38968695824028,153.95246751680128,175.59121836323314,148.49122273814018,144.54396258623805,150.90969060909984,-7.719988489212988,7.7154646222735215,5.021739805898126,8.787101169570457,-3.7797913489947788,-31.116134424763928,41.151345113362396,23.09864679210914,-7.581234796822863,13.086525283574739,19.188431698848873,20.40956583304067,6.228332118952429,14.18123371408824,-14.40063501666998,2351.2288724800324,770.3967848855638,-275.29407785343153,False,False,False,False,True,False,False,0.6798251509289016,32.69649093781154
31,0.5166666666666667,147.35718903173947,133.32780769540628,163.3676694481425,151.0190104345756,175.73959602538477,140.2739657327098,163.27742778407872,151.91824641843274,-7.124299535742622,7.100650799990972,5.898967592667944,10.33217360878861,0.8689147427361813,-32.428945571692175,49.456006994650075,2.1031633248957458,-7.5147431300221905,12.449947422357615,14.911210370927844,19.25996199491503,7.596581874994369,11.663380119920662,-219.35734738029907,1180.9603392300344,294.2816221523293,-83.53942674829511,False,False,False,False,True,False,False,0.8389035044589639,32.44507927832221
32,0.5333333333333333,150.79067469135134,147.70813823579093,169.96075356724967,148.6273528178213,172.95264230259846,130.66473176369706,93.57973433703104,121.06093704901568,-6.202074930910921,6.159808029607884,8.19848727033773,14.407525107528027,16.623453687648666,-39.305414264337195,41.63549221845675,-20.806139100979674,-6.556306282889094,12.800548476690915,11.34769793882544,9.938359053827801,14.58182150665264,4.6434624528248385,1414.5032232852104,961.970024001476,945.6426724524357,-275.04768441832255,False,False,False,False,True,False,False,1.2985179046869053,34.39530286225359
33,0.55,149.6134772520477,158.73758764185334,174.89898875236156,146.77255125674534,167.15538527893614,121.59044982932586,73.10059628634681,105.68109012630573,-5.116399805328316,5.065431335696004,8.92219765104469,15.69927676653064,24.01230046147383,-42.15699576669574,38.799283719955916,-24.804407698927598,-6.22226127947226,14.59429849799583,9.113086241882902,6.528026763426823,17.206168044236467,10.678141280809644,613.5033163452499,68.80122573488563,-162.56553734006275,-110.74500498505017,False,False,False,False,True,False,False,1.4690691500755029,37.622763426791174
34,0.5666666666666667,141.87296098570872,164.49288295451004,177.142052315075,145.38508589267082,158.79570059271117,115.1833925699043,65.03497451376411,129.31558720862557,-4.098230651605942,4.058409421884055,9.241641303104245,16.27105891385333,22.856978927327724,-45.88442767673331,61.732341279519346,-24.28445515056887,-3.861486375743705,17.820640597493064,8.49071828759074,12.399956175019241,1.8722999429186098,10.527656232100632,-1445.3027456276845,-254.84306750620533,-98.57783620763598,-130.475087153726,False,False,False,False,True,False,False,1.6377352864730368,41.103955608862734
35,0.5833333333333334,127.24162738776919,164.22773006052287,176.08590100017202,144.3422061511841,148.99471567290107,113.17108968850579,63.27982519052626,139.8922918083805,-3.3989600950133023,3.395966908140894,9.212065683302717,16.21807756012603,20.846782597722736,-47.10838226464777,71.80717451362807,-23.351113263467433,-3.046993069219356,21.961584511936536,9.428866948918948,15.570750151247207,9.512392182789572,6.058357968457635,-725.1017738241796,-129.43778850188494,57.87302277600929,-47.334111583051595,False,False,False,False,True,False,False,1.675775288237353,44.13139839802739
36,0.6,107.39368094811145,158.28059878167176,171.67154429867722,143.51382832614743,139.4656468132966,116.33808025283808,63.55057891150915,143.89244928981176,-3.224340044389996,3.280298692784062,9.104832149972136,16.026055060676118,19.168035618956264,-47.05243755364642,74.98625173564724,-22.564324045879342,-2.8841708686168754,26.137665882104482,11.636969602677926,16.952892602605566,11.757130496368104,5.195762106237462,-291.46945204794946,-43.85067039544708,83.98201542003108,2.908675964678764,False,False,False,False,True,False,False,1.6582013457861018,46.30558031168378
37,0.6166666666666667,85.80356048939584,147.81154908254032,164.39308928554573,142.83846858174164,132.1299443353426,124.23416752784136,56.645946236564846,141.90702606908238,-3.6689277491754058,3.789300570796026,3.5519196334179837,6.207222921808853,1.6597270574964385,-44.66573601317385,83.10602351519594,-13.225765438160927,-3.2770631591286694,29.384240938444854,14.713920847333558,39.95212197577065,14.876030961133008,25.076091014637644,-2364.961998602461,-417.1114240365034,-532.0195041258506,52.00809158333641,False,True,False,False,True,True,True,1.3054020184257815,47.52247008844513
38,0.6333333333333333,66.96809931921098,134.50505927575148,155.20125947915335,142.40097627336522,128.49399502415267,135.233588892448,60.81718975813886,140.15962991491003,-4.673288350371501,4.834427762236689,0.8614747306683246,1.5036703597709502,-5.654434793759731,-43.26213226273123,73.53927085911052,-7.683007683387107,-3.4893897015965485,30.947862670042618,18.25456358339152,51.08112025407579,15.594087687711127,35.48703256636466,-1012.8548704435775,-248.3492402613797,-438.942079736629,45.10610441249753,False,False,True,False,True,True,True,1.1430465889143577,48.032812056355525
39,0.65,55.2337139167088,120.28565350060472,145.30579465493022,142.46751868053067,128.9902619750664,146.957704602774,75.3542017356083,145.64402506533864,-6.020856843744277,6.164921598870195,1.7773436138960717,3.103045187807175,-24.126035948273852,-40.60468934769449,69.44177189314524,21.96176564843057,-6.309208290090831,30.486917730459375,21.913944280300274,74.83198337549382,12.702743755585802,62.12923961990802,-1354.1460072272848,-1619.2398250191147,-1281.410512926127,-4.681153468509365,False,False,False,False,False,True,False,0.606021124532703,47.49626954758269
40,0.6666666666666666,53.566205881743926,107.03436261653499,135.91628203267152,143.43793249644688,132.57791589292043,156.95366943210982,164.2170442827092,148.9843797703144,-7.379746403189757,7.424210710984258,2.6081536717997666,4.555233706925733,-30.412496905807476,-39.50268069622695,69.1537622458324,36.74393025140662,-7.6085666818919355,28.10708945640144,25.43380530059807,84.00697649818731,10.845394812272415,73.1615816859149,-394.4682362865542,-820.809357096503,-458.14606618681296,-6.296293212641899,False,False,False,False,False,True,False,0.39076464178586134,46.19186092019235
41,0.6833333333333333,62.67020243199791,96.30424954381525,128.0016728527653,145.70622851294644,136.87114132690482,163.4036567070571,177.04250507717467,150.5269335603073,-8.380643982367756,8.247117650430269,2.5029108517957392,4.371184381577973,-31.591308200990262,-39.359649401465724,70.77477402752682,40.36354030471249,-8.02328842018677,24.243040946070444,28.641550783114816,85.9651738632486,9.6707156007675,76.2944582624811,26.532029193203357,-208.59472551381032,-96.84428250448207,-12.323275692453421,False,False,False,False,False,True,False,0.3421802316786416,44.53178396852922
42,0.7,80.7837500463777,89.07818511418262,122.14912370861477,149.46753476410703,138.8761880910286,165.60181743004324,172.76714581863277,146.05054114257823,-8.709886470527797,8.371046845789671,7.9403613735277085,13.947953979801223,-35.72221361168463,-35.79869550027808,51.00636664190379,61.95900370773409,-9.42603787488292,19.469165998645433,31.42803139944835,80.57285756006351,9.800189017153606,70.77266854290991,3245.2772351180915,-1082.0705701137751,-331.6464779174049,108.7239526737909,False,False,False,False,False,True,False,0.02891560550714993,43.08079022524414
43,0.7166666666666667,104.2358997429631,85.63816561254477,118.55174663473167,154.55197025889046,136.11412168948166,164.0346836001685,175.07292668106916,140.415747999407,-8.190631838688018,7.725852883530188,10.601089508895482,18.71645947872959,-36.781298221096435,-34.38211876333953,28.456023018010125,69.10650700144568,-10.073512409987298,14.338707064483852,33.70986881660447,75.40268983863133,10.148031823031404,65.25465801559993,1289.4755408878818,-343.85559340616936,-104.26444427716149,37.96493243415682,True,False,False,False,True,True,True,0.08427499919769664,42.06054172215454
44,0.7333333333333333,128.55343960218892,85.59753837014738,117.09144461708013,160.37608360764776,127.64447408553417,160.08700591799914,166.45664231584814,119.07851708422687,-6.826376634701201,6.468962882152485,14.08683929557154,25.09384626909801,-45.38284403754057,-22.6179283987759,-5.799159813907435,65.59801583492485,-6.944273087200717,9.306434348243556,35.38766109304193,77.96718881326291,9.47602332410726,68.49116548915565,1539.2182209490727,916.3608918672179,-255.91646713282984,796.860053411325,False,False,False,False,True,True,True,0.43581466800023244,42.67201324035938
45,0.75,149.69706435834723,88.08779383525936,117.45409063196023,166.06307198349677,114.48907883346118,155.5404566904129,160.7257264773057,99.57471929927888,-4.791063003974492,4.946803797719622,15.291110930302086,27.340229567903346,-49.08556101183272,-16.16414411747389,-18.29222548117208,62.08546054125894,-5.446284773053325,4.724613345749628,36.319149847408426,79.81452435382239,9.111968030862215,70.70255632296018,527.4209215848651,597.9803745002118,-95.44686319707523,434.58793775958384,False,False,False,False,True,True,True,0.5676227272100477,44.53781031985978
46,0.7666666666666667,165.00665872713742,92.01854933457048,119.22857085043317,170.7029091271004,99.24571937705701,152.05276214446835,154.36251272364635,148.37921780177768,-2.368590856947885,3.5898854187625644,8.989630585635084,15.819892520995687,-49.87118920192495,-10.979411636392093,-52.891549119424766,75.51990193489975,-0.24257144423585078,0.8624617135482248,36.32981208589862,79.56568709243386,9.64523812558707,69.92044896684679,1666.3785367818996,-494.9825347543654,271.69715682474674,622.1590022499623,False,False,False,False,True,True,True,0.9193273066046106,46.99080844232704
47,0.7833333333333333,173.60829184848535,96.30377499986086,121.97252060085049,173.64415601251397,85.09735538864714,150.73713272648018,151.49321878979546,160.551786686446,0.13430081293532792,2.7776683511994387,5.689743799690306,9.963248486972168,-49.58376087059135,-9.468723559408241,-60.38879398165446,81.40396032096146,1.850794769567816,-2.093701645996916,35.2727116445692,79.43038887380428,9.989801878337369,69.4405869954669,-467.08039161120894,-262.4022185445324,140.28249704711698,37.40335718992924,False,False,False,False,True,True,True,1.0464225288575713,49.2921925613336
48,0.8,176.26287147189302,100.00882538561359,125.25033052080677,174.68268823510593,74.69548261730112,151.89978382857603,150.86057374370415,162.43425292058865,2.466055367025145,2.724140893661348,4.5665812877828245,7.987107475737022,-49.10869793233818,-9.97058804032519,-61.99729124280169,83.08980484771746,2.314246804697031,-4.064476178049938,33.120353261290965,79.48103041779436,10.115798932162944,69.36523148563141,-125.01361196383868,-131.26254046071125,51.45439823305509,-4.276058350034759,False,False,False,False,True,True,True,1.06366115012989,51.14328066584603
49,0.8166666666666667,174.81901874620817,102.4688270610515,128.65827896310205,174.0630986906663,69.39005621385279,154.972974015333,130.88221306542314,172.47881854440595,4.4703164969910745,3.4250245150940075,2.1028109188415427,3.671746123009903,-47.42669145071469,0.2616165398267468,-57.45300780653831,79.17433108693682,4.041673702451596,-5.098017404898808,30.038895552114607,87.24979646910988,14.062502711001429,73.18729375810845,171.73661728067884,848.8607004566518,260.1103834939201,-667.9943739239167,False,False,False,False,True,True,True,1.0880596918132226,51.8975303431654
50,0.8333333333333334,171.5193545248886,103.45244614774404,131.85290724673231,172.31017802011917,69.05013704695033,158.666198274501,125.42669783540569,166.64293315378512,6.081388599172075,4.678732062354051,1.2585618137826489,2.196958109804369,-46.66161168375605,4.887443000097436,-55.13593054669953,75.8290443908199,4.52136753458402,-5.358812279807742,26.38833074643572,88.04377146193322,15.792587875033492,72.25118358689973,93.11984957357367,478.2667893831257,101.50314137321573,-281.9920164091485,False,False,False,False,True,True,True,1.0829242627453952,51.82711608753496
51,0.85,168.38526885383402,103.35619892759814,134.5917490762258,169.99600257709395,72.42954204769183,161.31334761031906,133.9757523822872,176.76482099283047,7.2915683297320735,6.16362996616317,5.949348359567887,10.421051429838503,-38.323853333260935,-25.039579819319766,-49.24862850958125,44.78111185709522,7.246340974245966,-5.080633856247264,22.626563189966944,52.48510494505168,19.681412681531523,32.80369226352016,-147.02737880579718,67.25458284397376,436.23754224653453,696.5015521928967,False,False,False,False,True,True,True,0.45326426057839037,50.92462375154438
52,0.8666666666666667,166.80485267549238,103.28938601474465,136.77774410417712,167.56297200779335,77.82824817403691,161.331585665533,139.789993567793,178.93861899802087,8.11570566643768,7.537978790945406,7.733725686073973,13.580473701821088,-34.827550838625,-33.587985538505016,-45.968051904637754,24.473504487445148,8.378310229416632,-4.5032642478272535,19.15452437504677,38.71118646935417,21.130375061177844,17.580811408176324,-12.94355338314574,705.5520990394757,168.91430989789626,-333.57133818820387,False,False,False,False,True,True,True,0.16821557257967285,49.585575076543904
53,0.8833333333333333,167.34407265915613,104.86881967270338,138.47897039886055,165.26155173237737,83.74710585365068,157.66953854842313,141.05955291055815,179.8621932291215,8.57082200728349,8.528459921912557,7.966196911834009,13.993925629864645,-34.01335772540594,-35.81653975239461,-44.85115514771933,18.812413061910956,8.566722049050437,-3.8173439640193245,16.18431986567793,35.887622698854734,21.391884571172007,14.495738127682728,18.16221862147472,205.95223270373907,26.98345882078513,-89.1734093992983,True,False,False,False,True,True,True,0.08409362566772635,48.13766434971984
54,0.9,169.74640534667273,109.65828001531236,139.89275643978783,163.1822651444756,89.3099542583382,150.12726222198359,138.63702307842564,179.98953452230995,8.674129025163554,8.98383630726805,9.880709437026121,17.418102003779744,-34.43853857521055,-40.520425398515464,-46.591008855774035,59.38283169339825,8.891318294402389,-3.1309438308845023,13.70663710417267,26.571189463509555,31.839108000064993,5.267918536555438,-78.8803715049994,-2716.4582566878294,-36.62651167788681,-219.108570692253,False,False,False,False,True,True,True,0.011333787041528246,46.48932846999787
55,0.9166666666666666,173.083504531908,118.4319250930434,141.24814823085327,161.32444172891962,94.3680096807303,139.45785922953135,136.0573765829275,179.34177721522346,8.452204452587797,8.886129229072361,10.650901212647728,18.806457452106837,-34.99131044046175,-42.26526575968787,-49.311486632795976,75.85184818438634,8.921784056086594,-2.458934304606419,11.572914512475128,24.140535682285684,36.372079873841294,12.23154419155561,-130.06235471598757,-1092.8314111288632,-37.05823819865316,-90.56536457127834,False,False,True,True,True,True,True,0.006906994639263594,44.81058826986901
56,0.9333333333333333,176.0352514153228,130.65331422249545,142.68031765454813,159.65636506388955,99.33122361141554,127.1986624941792,132.58757058493524,173.80980238883922,7.951355463873496,8.326463145937797,10.019878076716447,17.6684727212136,-32.08708352269869,-44.77865134069637,-30.971791448066806,-17.124728829885917,7.814853715876342,-1.7319444384365297,9.633138127796746,20.479361085454137,46.56801673273953,26.088655647285393,792.2930470884819,5427.791486053331,92.04164030270363,-197.01728206559437,False,False,False,False,False,False,False,0.368535877556513,43.93482224415292
57,0.95,177.2731026388403,144.52098430777406,144.13708202765432,158.15184391974265,104.83577390977696,115.256341514182,131.07701113283008,171.90697997797176,7.242246262868436,7.46154723153717,9.674673379457763,17.047821639520823,-30.61430459946923,-45.44349284558091,-26.181653898956274,-33.43184180488545,7.299336641334682,-0.8260959254050674,7.841261311001262,19.682905765990018,50.15970897551448,30.47680320952446,-199.04151754971792,938.5362882090908,57.19108811756371,-69.21533661229944,False,False,False,False,False,False,False,0.5213276444934186,43.92439354300843
58,0.9666666666666667,175.8817984351515,157.5962065961359,145.3710513423008,156.81033745190314,111.35565201130032,105.38327554829523,128.84204222628273,167.43053272282881,6.417189153844372,6.468443478345763,9.737681732099134,17.16100927392851,-24.46823880722749,-45.78466947027861,-24.104755932568676,-34.56929977752552,5.928395113437673,0.38108045481896413,6.2779418995684635,25.145465517958126,49.41582116994083,24.2703556519827,244.15006951385521,47.7768808724835,285.1383596268613,-88.48477820087567,False,False,False,False,False,False,False,0.7346370890503486,44.50409985521088
59,0.9833333333333333,171.70386894862278,167.66558780834424,146.0324603633273,155.67336170213298,118.85149790305637,98.74859742581141,128.3353617305084,165.4181309160357,5.583074416232094,5.511366795451697,9.812236520691046,17.29499403749232,-22.155554675975498,-45.717719126637256,-23.258678418103976,-33.96729348919794,5.401803517296633,1.9312602940265913,5.102705897344634,27.657090502147483,48.31756225511297,20.660471752965485,-44.37845205064207,-32.10335668213759,109.29057737160974,-24.38227595593162,False,False,False,False,False,False,False,0.802412406759756,45.28701818491447
60,1.0,165.47001127613336,173.40833006133383,145.82819197442245,154.84164200584576,126.56256392716189,95.75226529446311,128.40047097546906,164.92457888285423,4.854350855538682,4.726838460382483,9.838268451443719,17.34179102421714,-21.758559244088882,-45.54751876369018,-23.72023319394399,-33.21229797921747,5.305379515367626,3.7073256157324534,4.478934992302998,28.59280329919352,47.48076990647034,18.887966607276823,-51.5130124594765,-35.08770882216538,20.234893503898093,3.1603778943127736,False,True,False,False,False,True,False,0.8049037827116934,46.03053917249706
61,1.0166666666666666,158.61914738157222,174.64317732311795,144.67908012480663,154.48336332685324,133.05866306212914,96.09370273472247,146.2714605381434,148.1465356845749,4.34827976394264,4.22503174752255,9.593958653182163,16.90288838842662,-24.725590070910894,-43.130761459371854,0.4265668068732144,-34.623200017153266,4.331832484169377,5.400212703097104,4.505455171454024,25.768381403935802,46.13905824639696,20.370676842461155,-1391.4289756505714,229.65956053626542,-173.21774841272202,23.662898629530673,False,False,False,False,False,True,False,0.7889839943122198,46.55572179175589
62,1.0333333333333334,152.82373305494693,172.18727046303422,142.80768079188525,154.8144595315277,136.60939393046678,98.99675352534764,153.57247662083077,137.9760975433555,4.181114672751684,4.098907543539077,9.487039745929076,16.711008439602885,-26.235319854047475,-42.096037902490565,11.796856542012339,-35.194125582212436,3.9607544084109896,6.556184329308422,5.168877520994221,24.422969367725873,45.56899302684999,21.146023659124115,-772.8011711090369,96.33894731699115,-84.313683176714,10.522243288363029,False,False,False,False,False,True,False,0.7794055705993299,46.921412775437574
63,1.05,149.3829525946093,167.48797805659513,140.7194050908709,156.03607522189205,135.7844191255784,103.47145508454841,157.8102060784871,89.50367190718576,4.461936963631443,4.431294209363706,6.994471029058391,12.268660849623437,-30.737284430350176,-42.973521277843034,8.809363841372917,-28.717451029484167,5.03858220651829,6.703091134396927,6.32426908583183,25.021094281102762,44.090229472633425,19.069135191530663,-90.86831253942137,-441.24947568509583,-245.1083742805804,26.63843355489405,False,False,False,False,False,True,False,0.6634011869238656,47.05765485920118
64,1.0666666666666667,148.74357159558497,162.18721149631952,139.0826808948592,158.23463391068006,130.05269332459426,108.53730093180498,158.511293670161,69.75449427647953,5.281600015437445,5.293125743818123,5.937740767752999,10.400572782288156,-32.60102990345134,-43.58766756344361,7.035105661170971,-24.756849563748162,5.521702930877659,5.511832801476752,7.712645943215868,25.509538784031324,43.48675047889767,17.977211694866345,-5.369237573326586,-274.4848650809388,-103.1336909959208,0.7841296096410133,False,False,False,False,False,True,False,0.6133708387619526,47.02094756688176
65,1.0833333333333333,150.37576957127237,157.725962297058,138.54893617238133,161.27906551398095,120.1071121278718,113.38622879246918,158.06537941097312,65.77234494794405,6.696712536990404,6.73132301412207,5.691076751303817,9.96559802556943,-33.09028322182295,-43.82884111590154,2.3323254212863542,-23.640994333133563,5.74004330958627,2.929175984996388,9.017754627231565,25.734578394271608,43.40649852742747,17.671920133155865,252.8116152975207,-81.4217269846813,-24.953260369733243,3.677778132280878,False,False,False,False,False,True,False,0.5940392640617983,46.898679441482614
66,1.1,153.0674079080398,155.05092873777753,139.56975330679296,164.7708973182926,107.74390099085592,117.49220359804566,157.4572896456932,56.634361389492405,8.71185110399118,8.75027675507274,4.687808778206813,8.200075431815163,-34.603628441045046,-41.03855051714293,-41.67504708851906,-13.958807815929532,9.244272801821245,-0.7710508014947262,9.949664102965878,25.08689019892285,47.83808114743713,22.75119094851428,1701.071399730871,-413.5137551109915,86.1460419666281,374.0348030189432,False,False,False,False,False,True,False,0.3485468772046162,46.55093005277501
67,1.1166666666666667,155.489881757488,154.45721921056838,142.26562725618894,168.09688239711787,95.32659137572067,120.67432836700384,157.04631118205393,53.581527582714315,11.265852132752508,11.294711580439737,4.342421303311786,7.593499657640233,-35.19007469573723,-39.70272769749971,-49.0655802746758,-10.034353714257259,10.77054693730003,-5.039047804823159,10.328174873946821,24.737603907741683,50.22669584142821,25.489091933686527,-408.2452158823344,-155.3178769235791,46.10875062810976,166.32061645406338,False,False,True,False,False,True,False,0.24341766827756797,46.04715567742028
68,1.1333333333333333,156.75312229347398,155.58274460795076,146.38385343889558,170.5928013092658,85.06001265374559,123.1052008199076,159.5666155263327,90.50374573814005,14.228159618453091,14.24196873148753,8.558868618539023,15.05015629972634,-32.83231820382987,-33.899160384154214,-55.78104351321311,-11.776465188369947,14.622624864107943,-9.18465925352164,10.13459220359191,20.158697593841595,61.2936041902322,41.13490659639061,-544.39318381801,452.74072724975156,394.83673408860284,562.8305397836186,False,False,False,False,False,True,False,0.052074765790728096,45.46280007691629
69,1.15,156.69148546297768,157.54907532857163,151.3582745526568,171.7664381722293,78.37765556176163,125.24614146031794,160.53735057568767,120.20485744027451,17.408550674790387,17.40853203140698,10.621895414545214,18.7540472619027,-31.716505218077756,-31.517643425560156,-57.04340177284409,-13.48406048755848,16.093269256179298,-12.550880835161312,9.51072304044959,18.116261365349708,66.69724306638741,48.58098170103771,-142.69027472122275,245.34673546850115,165.9543755029773,226.47507893851923,False,False,False,False,False,True,False,0.014660674412644662,44.94935276386908
70,1.1666666666666667,155.78769126702616,159.21762809939773,156.4546435920999,171.4835665544176,75.66064172333876,127.69882314904423,164.648282839769,140.76173487458394,20.579700700291596,20.570939279091967,13.958897271598921,24.85661656270113,-27.54504404570835,-27.073394273439117,-56.46350858246874,-3.027962911579794,21.90788688450722,-14.670543236757094,8.705381055892374,13.395228248994105,82.18314065760995,68.78791240861585,-215.49407891946373,-360.7109054342561,618.2532445974266,-454.8633304724433,False,False,False,False,False,True,False,0.14691219465799135,44.34186907527888
71,1.1833333333333333,154.83276889280611,159.51262870086995,160.95716546795535,170.0276735182715,76.32745504175224,130.98160834981368,166.3845513620369,140.76506775295968,23.508005500190915,23.49644466441583,15.208499393457926,27.18532858324551,-25.92257300499849,-25.728880948992227,-56.09411610641399,1.4733877796360073,24.207478783094164,-15.363868683770754,7.987698801151855,11.428607037739637,87.69895666549078,76.27034962775114,-75.18471387955913,-189.41024200801905,244.4766727385678,-204.3433344065494,False,False,False,False,False,True,False,0.18514007930663298,43.768368977421986
72,1.2,154.5228412277971,157.76000428850364,164.33514768348044,168.00433168748407,79.18078501561128,135.26024943855978,166.77183000058938,140.867546461883,25.984993351678106,25.975266420962928,15.409987764059313,27.563344491535034,-25.57916766014001,-25.73849216378905,-55.81357488674273,2.840074209686019,24.657014076984062,-14.75712263670709,7.551947090901678,11.135301320627635,88.4580521491294,77.32275082850177,-3.7718475114803596,-82.57785869153452,49.59574115910925,-23.132713555580153,False,False,False,False,False,True,False,0.18516127794999984,43.31396404759221
73,1.2166666666666666,155.17926891695274,153.97896355082236,166.3358883841849,166.13604832251474,82.84015096677598,140.10097110297377,168.55429120802273,148.43807049088304,27.852050392926394,27.84651706966346,18.650612012095696,33.752086569746965,-28.385620032627852,-24.275348373594863,-52.97437514990677,-12.695393730076368,28.20032316041454,-13.22481381871531,7.43627513358242,7.044134429755754,81.21423148290127,74.17009705314551,338.739126560136,1019.9167038073597,108.82568633581798,-245.18764557295867,False,False,False,False,False,True,False,0.13643961670804372,42.95322479875105
74,1.2333333333333334,156.6868229623186,149.0180907370709,166.98167671660826,165.03660778915292,86.11639100989768,144.37596547546062,168.37921712834,151.50405413603963,29.015177493947135,29.014023114587193,19.946904672053044,36.292113711090465,-29.744227819178743,-23.867220796940135,-51.68954659455238,-21.10087511674259,29.467280578350383,-11.27565297691663,7.481653546225354,5.765073769938728,77.95015636608767,72.18508259614894,158.60618051461813,528.816537801552,20.619451452142243,-79.12230941466134,False,True,False,False,False,True,False,0.10296801793035758,42.738212095065045
75,1.25,158.63242201836383,144.3979871968973,166.48867796417466,165.04909665114184,88.24850294054552,146.47804345468768,168.83415746270404,164.0561970412287,29.44998136374429,29.45195769896754,21.07503929662653,38.53674583726041,-31.051135195594178,-27.817345451687206,-48.77026872916481,7.868253000454427,29.324996093967343,-9.415105324990773,7.363130291175593,0.10646234293281127,70.41796246785356,70.31150012492074,253.5711145070644,-1975.1551663347964,-118.07401037795728,208.95521619387694,False,False,False,False,False,True,False,0.15690507521788497,42.78836122374466
76,1.2666666666666666,160.54289288257849,141.8090521845219,165.15265627497578,166.19304496874474,88.98264044573276,144.8929552786749,169.0662822936758,170.04064211289293,29.19762030471575,29.200961299913285,21.199528725739853,38.78649749026105,-31.392351574801207,-29.56568771594231,-47.27615460684622,36.44029533931803,28.929053876162865,-8.022908906268238,6.708703247111047,2.341638101558194,68.14328391259191,65.80164581103372,110.11983009100163,-1819.2230762185225,-61.963514317369004,109.22419753168697,False,False,False,False,False,True,False,0.18427443052349574,43.02787450747296
77,1.2833333333333334,162.09286517944085,142.43224766678523,163.2509530239937,168.21679769146172,88.51000925447963,138.93067266279175,169.18597564632194,171.47692962317987,28.35229528434563,28.35545794644146,21.08259750235456,38.551897217990316,-31.5516571727525,-30.101304421286816,-46.991035131762125,43.9193143498409,28.730523026468724,-7.27941481127482,5.2717960040900085,2.9613693570012614,67.76176794521157,64.80039858821031,26.665504382030463,-480.8781429571462,-28.383701526378786,37.43976905632849,False,False,False,False,False,True,False,0.19419884775556126,43.333997455086646
78,1.3,163.18567641796596,146.43606538833671,160.99419265533555,170.71285666784289,87.29933465355175,129.21255809057112,161.13044461464992,174.14875737246544,27.042014710637453,27.04407833483996,23.713202895148797,43.924417491215486,-33.09167006116744,-33.072658842831885,-49.10332627071372,-17.54801853216522,26.80271297110116,-7.15969858604817,3.0745260873386675,4.551009020828743,67.0343479548713,62.48333893404255,-34.336695033218234,3509.7587076951213,-157.19073176956329,308.9966560934488,False,False,False,True,False,True,False,0.07304829968567964,43.628342113157885
79,1.3166666666666667,163.88107118793664,152.94174223770176,158.53395082934935,173.24031359000676,85.87289565376659,117.57931603833627,156.49986321901528,174.67590617412142,25.4056701249145,25.40639485322098,24.639730215527777,45.8674786450725,-33.77830590742711,-34.2051937223807,-50.144442977565134,-40.834502380203226,25.909303996467187,-7.492795191211016,0.4399707778010555,9.367228239228131,66.99801288695919,57.630784647731055,-21.26885163574798,533.7198991229423,-71.73198938950577,131.84835982696825,True,False,False,False,True,False,False,0.01865222732511091,43.91868611065887
80,1.3333333333333333,164.22319167267375,160.44823556908003,156.00619234373733,175.410863919199,84.58967703701511,106.43119276359596,156.46136777755675,171.93896216051274,23.570237012432724,23.56988857940413,23.911333456335395,44.337567411915515,-33.290009092238265,-29.816309683936513,-55.91420399370046,-43.31048459063512,22.997280631554716,-8.061024693502146,-2.108360771511408,10.956988824761,66.37476711352448,55.417778288763486,-375.48346987743514,-411.8919749125524,-125.67716310580408,-79.5211673682752,False,False,False,False,True,False,False,0.02458373261578711,44.25043324065774
81,1.35,164.07955707235084,167.42976787340064,153.57545710017018,176.92490454937635,83.50911582247123,97.86295929189036,156.26483712021238,170.36473277071022,21.632927522094793,21.632008707635674,23.221576262896743,42.90463728333512,-32.88233777586604,-27.52196998085665,-57.77161649375584,-42.77810727857658,21.7652734131359,-8.697770101398074,-4.0274893590297465,11.435723551279962,66.13408668697443,54.698363135694464,-135.90502898459306,-105.71774345769256,-41.93364585971949,-57.66522706441151,False,False,False,False,True,False,False,0.03038070524923789,44.61483505176346
82,1.3666666666666667,163.10762971386143,172.7889546336479,151.4477555784978,177.5767757982281,82.39742866382548,93.03307549301466,81.18084418889698,176.70430200741242,19.654172301340704,19.653179093538018,20.32822636202764,37.04713878525658,-35.391542584260876,-28.499401593818252,-52.4557615156461,-37.824766926656764,18.528451790428598,-9.33978933988885,-4.928897896155317,23.017819990697003,79.7369794552446,56.71915946454759,469.5035871928576,355.84631790061167,-391.4756040775836,206.24820316094656,False,False,False,False,True,False,False,0.09513131662404416,44.977391410370885
83,1.3833333333333333,160.903274932414,176.0275358205604,149.8412123950381,177.26267345410542,80.89067780176747,91.99826099927164,59.29266884567638,170.60617669773941,17.666378760324342,17.665648188046752,19.272949590765787,34.9665089434286,-36.603959641663884,-29.320598659940885,-50.156934215071104,-36.3515603401229,17.396123422885818,-10.010713361148344,-4.676683815960717,26.833034851779388,87.87657985171745,61.043544999938064,210.67466147965376,137.66421916113018,-160.46038879274306,97.3949886251637,False,False,False,False,True,False,False,0.14873527450408872,45.26951822726925
84,1.4,157.27367015200437,177.1851024670402,148.93305432082667,176.0090703416707,78.75302277864341,93.96015814143789,57.23824707308864,172.73719840351617,15.69836476852371,15.698028186737371,18.97388458495963,34.38178529489828,-36.96258337214291,-29.736750760697316,-49.1938442472467,-35.81492804491155,17.177343640575415,-10.752000384502482,-3.3894917689435546,27.819366823234162,89.44491755431676,61.6255507310826,79.30282189842558,57.16706375844126,-40.59165657142728,32.79877308243215,False,False,False,False,True,False,False,0.1629573680971083,45.516540693834344
85,1.4166666666666667,152.4808719269435,176.67105288991553,148.81959570726647,174.00690536630992,76.10559075061376,97.70117896174872,61.08241172339753,175.12963887329838,13.80681351266796,13.806831178610073,12.327151892951127,21.853173012692757,-30.701516651026033,-33.66735042190626,-54.06096995383295,-31.88216333083966,13.985069573012371,-11.551706812299694,-1.3705042564264454,29.073839476679986,49.51246237881951,20.43862290213952,-667.6915456680837,257.57941158300355,129.19707070122968,-252.6689679519916,False,False,False,False,True,False,False,0.4134999793434507,45.77168634776649
86,1.4333333333333333,147.29378287903566,175.09046274625413,149.51627752948278,171.61658704448092,73.49806205463453,101.97972857111886,66.08652704897962,161.7759131890071,12.09923179822508,12.099468101725012,9.52179385717473,16.773366039390897,-26.933235171813546,-35.17559009526918,-58.20008185124379,-30.264694682142625,12.78793652720912,-12.321549841562886,0.9882138659768676,29.50311779844408,36.945469476730516,7.442351678286435,-474.4436026026915,-187.54249932241692,131.01333232788875,-152.91986162108287,False,False,True,False,True,False,False,0.5175514367553293,45.98465890608952
87,1.45,142.7832986211866,173.10519789739564,150.99310165075806,169.31729760825817,71.76452635219337,105.75485019092278,107.485404133808,168.79991245746845,10.734211917737797,10.734512876265367,10.027213048922727,17.681674605973015,-21.302172936446972,-36.83553916801232,-65.36427815541882,-30.47754598528138,10.351660103042144,-12.93636238260148,3.2841817846915027,31.556292073329274,22.309670253049507,9.246621820279767,-767.7155123842442,-86.82586617456366,170.69532064316832,-202.3059983043413,False,True,False,False,False,True,False,0.627018408704695,46.29205424736517
88,1.4666666666666666,139.94097316773318,171.32422346396757,153.21223052652735,167.60155155160916,71.71383597133814,108.2384476805646,124.3549812019141,171.51433520414872,9.895127644097975,9.89537566586482,10.63386068168954,18.775665936242948,-19.96940438186288,-37.264561599089305,-68.47048545284756,-30.84801419116101,9.488809884185477,-13.306055418897813,5.146187953672712,32.35923324203942,18.181549087810893,14.17768415422853,-266.338551125034,-3.513253511109724,24.87258796039555,-61.71480376870704,False,False,False,False,False,True,False,0.658064447735807,46.61999817970736
89,1.4833333333333334,139.30548052675118,170.19928531457677,156.13233917187992,166.84190184596042,73.7939529040805,108.86906859185225,128.86748077633337,173.40767889840066,9.74620726593376,9.74634445308175,11.211233402972026,19.820908653375653,-19.99475026838012,-37.19574917212562,-69.16630870185435,-31.180866919974918,9.419057786516717,-13.431368899151533,6.251124799661583,32.4180129256542,17.892856266845996,14.525156658808207,-40.22864174999029,24.09990934694804,-5.719564986616774,5.732079480163179,False,False,False,False,False,True,False,0.6549102430703188,46.92094051285416
90,1.5,140.77986289039242,169.9132913809412,159.67040935567846,167.1698575584588,77.88794380336768,107.32756085872991,123.0651026698316,167.08339955113314,10.387488846543201,10.387513125897552,7.3941115225255,12.97728181990124,-16.079345931520116,-39.9966088445871,-49.86333980541379,-27.668061074986298,10.364808118796468,-13.409517385495896,6.3491351011722275,36.765845989914446,18.750179986826605,18.01566600308784,923.2538735859083,-378.81993104650235,282.94223038888674,-143.26629286852096,False,False,False,False,False,True,False,0.7135001610946201,47.25940694474785
91,1.5166666666666666,143.716643534365,170.28110529254153,163.64592947200677,168.40896808405233,83.33065221600225,103.6610855687224,122.82649772521691,156.2756932129182,11.824579386739918,11.824524654036086,5.710038903874541,9.999023007585121,-14.063330364495854,-41.028177781701444,-43.711207808051874,-25.860287637668254,10.881283768626139,-13.388116615919282,5.323698259012299,38.86986727196033,20.15544846937602,18.714418802584312,248.16698582435606,-170.360542465952,151.69562661471275,-48.22972362820394,False,False,False,False,False,True,False,0.7338884136959809,47.59146801892563
92,1.5333333333333334,147.20427252015952,170.7194311189442,167.74994985118258,170.09676539139343,89.11934305856788,98.47362551554411,131.57053839859495,128.11870553872123,13.962497446750158,13.962409787098187,7.253696015131655,12.72816201592257,-10.764401920843834,-40.620022024802445,-39.97970905049432,-26.01599142987379,14.672086293073605,-13.493533006328493,3.2784447637834924,33.080949714487225,28.627095143871166,4.453854570616059,25.95421883670042,33.83157294608793,368.8030095880157,284.66432132137584,False,False,False,False,False,True,False,0.7468067746260989,47.88090393865565
93,1.55,150.3985474216033,170.35280528985578,171.5716569457798,171.6081968395134,94.20543741757584,93.03785104691067,134.10549951816967,110.07468917322821,16.62382594087656,16.623744781570533,8.271376364792145,14.537405149222218,-9.909769448930623,-40.25078865473118,-39.3188803851578,-26.431823080108412,16.432657669178404,-13.77000224521331,0.6011842486832407,29.415912609686806,32.175794691863274,2.7598820821764676,-11.628228393920494,47.10390121823593,130.92356833154952,144.2188613270497,True,False,False,False,True,True,True,0.7436162552142617,48.11097860026899
94,1.5666666666666667,152.75373225906867,168.27841291358902,174.68586456411305,172.3528246272408,97.74849171880393,89.15259724877941,33.78475808040798,69.62784202747426,19.583100168831315,19.583048430076712,7.945782118394023,13.957599150813921,-6.895611217987281,-33.916215405176644,-34.43279111009195,-37.294665768960485,20.89750566770623,-14.157381205695815,-2.0610526619152223,20.08543902020391,54.26961192879986,34.184172908595954,112.31586265014187,626.4309126469846,468.31431195826383,410.3935815426604,False,False,False,False,True,True,True,0.7433573441249552,48.17495536808076
95,1.5833333333333333,154.0900088525479,163.9223265406112,176.7721329375326,171.97452235532072,99.2683320907193,88.65116813467458,7.286146318799143,55.8305101839711,22.604994591454652,22.60497760168035,7.756541433599833,13.621031304458436,-5.593012516458154,-30.983336316834368,-32.85602121773706,-41.97629432468442,22.689391483293203,-14.515609481779695,-3.95525753990568,16.627228354667505,62.46587126720942,45.838642912541914,16.450271450223113,-456.87045864456934,83.44685362298549,-254.8782795405441,False,False,False,False,True,True,True,0.7412937330847603,48.11136686351147
96,1.6,154.51938934830818,157.33805692838416,177.7161287472221,170.46634139897083,98.68878354816005,92.64250615605438,4.5117952657536335,55.601271365786666,25.476043783167277,25.476054078263452,7.61912616398289,13.376826006927653,-5.355559409283807,-30.1939444022843,-32.58307838893665,-43.25760319871645,22.998671903086233,-14.683493314522892,-4.480452580429834,15.887893551716845,64.53312364397075,48.64523009225391,2.1293832977011107,-124.24204731522366,-39.73674947142001,-57.237198916301395,False,False,True,False,True,True,True,0.7396036574665036,47.97215868484994
97,1.6166666666666667,154.2977311976772,149.28938157411437,177.64792590118753,168.14517760639436,96.29307640861236,100.76987474907882,31.36492533159473,127.14551192883037,28.026673455984458,28.026697805004588,10.601135712921012,18.71654294488927,-10.554911702166283,-26.925585037413338,-36.5070327040272,-58.98741063409484,29.11668015261058,-14.547251603763767,-3.4598835280483855,6.560494329689173,85.73076274386956,79.17026841418038,76.52387866873653,-1139.8900080315912,-75.49033210109997,-526.1704438524373,False,False,False,False,False,True,False,0.5092358793368492,47.177663062275556
98,1.6333333333333333,153.67336679491288,141.0449766093403,176.8996238293388,165.4988057600003,92.61440581307517,110.89618001243933,40.19151540233173,134.13153379626132,30.145198453949394,30.14522410279039,12.105063060823898,21.447385438021186,-12.607272116595238,-25.916598585424968,-38.32094733574142,-74.31769419000807,31.754631327449612,-14.094118366935714,-1.3022613452910636,2.8948254814485392,84.09500770203964,81.2001822205911,14.30674696317567,-980.3562004901568,-45.139287893238134,-204.3600499293325,False,False,False,True,False,True,False,0.4085015544133805,45.863118727205986
99,1.65,152.78163664707603,133.9489407264669,175.89980810201365,162.98141417398583,88.28667306667927,119.55557690113369,6.43271404050747,148.0335218501229,31.783433223136694,31.78345169646564,15.49315827608616,27.719595396984374,-22.3367016764723,-25.422377983804434,-50.144290697124845,3.70752645981117,32.033850929480096,-13.435174678684175,1.0511773460937255,0.2199989605559945,81.36102498830742,81.14102602775142,-125.6348280918354,1156.2714696771445,-33.20709989231318,1.942771090499491,False,False,False,False,False,False,False,0.030908469203031377,44.92719141094598
100,1.6666666666666667,151.60919898321498,128.94526199482416,175.04558989908801,160.85306344695553,83.89035713034326,123.17791912987391,1.6341331750471941,150.9463201278243,32.950342346374704,32.95035051902632,16.575081560713922,29.76394492046333,-25.05609384541327,-25.320359392157055,-55.421787056458086,55.09339676508399,31.644740271210427,-12.792314845855138,2.4149590054214776,3.7307654283350025,81.99274296740985,78.26197753907485,-153.4862514244452,-3077.031102870086,-158.91315438656136,29.85234889246499,False,False,False,False,False,False,False,0.22380361506416493,44.53925025531444
101,1.6833333333333333,150.0327970970942,126.27537382425224,174.59637080190225,159.12476400407223,79.83914712262685,119.60644221696651,173.50419526908567,152.3068014742123,33.694444784283796,33.69444389085723,16.729093650429277,30.05679467667472,-25.695019895913966,-25.532892173546873,-56.8454415520735,55.18187020407792,31.246881961117282,-12.45149872810075,1.7891834501903536,15.485126720045068,83.04285039117363,67.55772367112856,-47.083706707139186,-18.06037321044016,-56.166846362144724,38.324710208278816,False,False,False,False,False,False,False,0.27038457450088044,44.573391619762695
102,1.7,147.921236028984,125.50977845649162,174.6198606985385,157.61310393083426,76.34554189520323,109.12880233597619,65.7935141500378,164.32888692469103,34.083864726695296,34.08385837540242,22.74061827248238,41.91422802672017,-25.428651902337652,-23.55984375181842,-56.867654427414486,-36.78820077223917,35.71641753472992,-12.688857857288104,-1.2479736201912577,20.508721908046887,76.30060980683578,55.79188789878889,-17.31485213593544,4049.184321410954,291.1626470070303,-396.2963024209023,False,False,False,False,False,False,False,0.14367636317601581,44.873405968559524
103,1.7166666666666666,145.2689410072769,125.90556656564299,174.99616632973533,156.06637507792553,73.46886234806163,94.43690433296256,97.34475936015363,173.49111750441944,34.192118448250476,34.19211062404805,25.33670316755659,47.34817988215438,-25.220960769364627,-22.72324977199424,-56.15258304059457,-68.26450121293499,37.86588627582874,-13.682477922441802,-6.357262590998107,21.243293091146302,74.26711068465696,53.02381759351066,30.442815230659903,-1938.7736652125914,144.98303948885564,-183.49418968029283,True,True,False,False,True,True,True,0.07293064499554715,45.251905152087666
104,1.7333333333333334,142.3077848264128,126.875230259422,175.46179230296892,154.31187116295732,71.20638864338503,79.54033446098009,89.64594561345785,167.05784671707272,34.08666826222496,34.08666194584025,32.068301183292256,62.65281306409681,-27.72291321377269,-23.42583583544518,-64.2062319496431,-77.36849875626861,33.09206221996992,-15.43255661335818,-12.5376117592347,24.950676140324823,77.24304799779881,52.29237185747399,-333.10178787888447,-504.08468875459334,-362.89769625249505,315.28919871255425,False,False,False,False,True,True,True,0.09135748404251981,45.65251766463964
105,1.75,139.53738384914766,128.27828005561616,175.66988019195827,152.37469075832686,69.57170589210418,68.2297359672552,87.63133894422847,156.18410709904168,33.81223431830389,33.812230925582874,34.19463307054406,67.94623741012484,-28.969238845211862,-22.68323741970422,-68.27389133244888,-76.25565829449279,30.372161962244565,-17.720094999995897,-18.453648890624216,26.87795355321519,78.93870037935852,52.06074682614333,-169.28002508168618,22.21452276630373,-201.14071949537106,122.1515315139959,False,False,False,False,True,True,True,0.16613359012296885,46.05796924300658
106,1.7666666666666666,137.63595343478116,130.38622317649128,175.2594785989827,150.51961706659947,68.62420555473241,62.82977554210689,100.85173322470659,179.95961626180303,33.372508080927396,33.37250759605827,35.14782392868286,70.4059476461694,-21.47050844889072,-13.738874538493905,-62.619278497781046,-66.06208423859664,32.54643983032443,-20.12932686128061,-22.8549789498441,39.12381003655366,75.59879019845528,36.47498016190162,-110.6470536956607,74.9526704912509,544.7291433245272,-586.6058947474556,False,False,False,False,True,True,True,0.02217843527933135,46.88368588632488
107,1.7833333333333334,137.25861509049992,133.5960790967507,173.94205489594245,149.1856550515588,68.44422917461183,63.695919213364085,104.81845387002646,161.85835908347315,32.72786174134302,32.72786324757905,35.08293892642752,70.23670096360016,-16.216759611545754,-8.880994271232126,-60.421702178902045,-63.537923609421846,33.79559469010357,-22.137875700659915,-24.936114353018304,42.83630677229493,73.53656892665832,30.700262154363386,-183.3703511074424,-140.02317828428744,-414.46403607930336,-332.2963200025566,False,False,False,False,True,True,True,0.04703209289380242,47.95247022979004
108,1.8,138.77811249630798,138.10091321666368,171.60515107583205,148.83196167331832,69.0624936991214,69.48227346792554,105.75274587559497,155.76477331349562,31.821206296303796,31.821208592706675,34.74846028224393,69.3684879050114,-14.132773298324828,-7.553801584996154,-59.465455015625245,-62.60883093495232,34.31554120142247,-23.24993882528399,-24.52244166027145,43.7200599483426,72.99263754877323,29.27257760043063,-67.66434899673072,-23.886000705932986,-163.22408538444222,-98.02449034493236,False,False,False,False,True,True,True,0.07320026560932931,49.029316153131596
109,1.8166666666666667,142.0543845701097,143.71174022044414,168.4075929600029,149.7662429190628,70.35699014048313,77.9036994519876,102.69027511534637,117.9016437706942,30.62183798351666,30.621840063812076,26.798226236935832,50.50974913623275,-24.226693838872897,-12.872429658421051,-61.93634943916047,-42.083324962076816,30.436840267845948,-23.12919619918258,-22.03483301893487,43.33670710093848,87.27523581035108,43.938528709412594,457.38156702420326,1550.6480427815384,324.38733502402897,491.85347798150076,False,False,False,False,True,True,True,0.08882157953593714,49.26253129709121
110,1.8333333333333333,146.3220362605742,149.90520821201937,164.82050736755005,152.0338090337107,71.94990483739033,86.6131425152273,101.04764514881623,114.29234147259045,29.162246664768723,29.162247959635685,22.991266251248334,42.429493002929085,-30.779830534709205,-16.057017586341594,-63.214089548171394,-31.234073560720603,28.631964990166235,-21.692291129464007,-18.27022683059954,42.85735405487283,84.71007534351558,41.852721288642755,316.523795211848,842.0303597595625,-556.2147681720649,262.63031808489245,False,False,True,False,True,True,True,0.16557470878382452,48.729788331855765
111,1.85,150.25906450056738,156.02309583245673,161.5685498927293,155.3997800261607,73.17072582941071,93.86686887905277,101.26618700381289,140.72112010319958,27.549960153941335,27.549960548064867,21.707875040506604,39.81075525838858,-31.125819492494013,-17.380570646224218,-65.4670391517169,-37.32288898157171,26.570736295694683,-19.14518982883204,-14.110127174844672,38.80474912885952,58.4750689946567,19.670319865797183,-114.41763874931212,-285.91574165973213,-245.96553597053685,104.1128068464019,False,False,False,False,False,True,False,0.15385372534441266,47.752752103981805
112,1.8666666666666667,152.26022634917084,161.4709059423603,159.45173068554487,159.40395211572016,73.16609782095287,98.79702563370635,103.02594780103082,149.0430297972358,25.95509189376304,25.955091595053542,21.752907768612353,39.90183751352504,-30.729913769805382,-18.056014106695827,-66.2490763594263,-42.23901966112141,25.920729006717348,-15.963284127555848,-10.287586134718355,36.87389275468384,52.45032625816894,15.576433503485106,-70.67657582524191,-254.441233145958,-50.90554136730077,40.56109356904642,False,False,False,False,False,True,False,0.1378815524293784,46.685897113462914
113,1.8833333333333333,150.89210651861896,165.8116091469215,159.0747964397235,163.45222367900917,71.19704267928222,101.30399602614642,95.60524558175847,149.92096185562056,24.585493892702853,24.5854932487562,21.828899880137687,40.05566724245277,-30.026811655312105,-17.4416812205482,-66.90392330577285,-46.24046520379314,25.830533529024773,-12.817945606540706,-7.284716174348386,33.8669453500159,52.043120609134036,18.17617525911814,-81.47694365098403,-276.9467057302603,32.90761476362832,-36.52207367322319,False,False,False,True,False,True,False,0.12598627003839372,45.71667208126435
114,1.9,145.4388484414616,168.76956592760612,160.56080404127067,166.92570076889075,67.06352051429398,101.74120390509886,104.16878355104036,142.18769701788,23.65940586210738,23.659405200514673,21.74786124313464,39.89162767633493,-35.59290142540921,-26.512801568907804,-55.382856389672305,-34.21797327153432,23.23203947418645,-10.44686292933687,-5.340432338651716,20.186148815509227,63.37733973439856,43.19119091888933,1025.2294011723284,1265.6167368414885,-419.9812081731005,751.7795242843806,False,False,False,False,False,False,False,0.03889181981459949,44.50166222203288
115,1.9166666666666667,136.35022016442153,170.22358306824844,163.3601026964299,169.29966546516658,61.47154269177038,100.60501014544577,116.39906264008602,137.2820776604935,23.378795309867524,23.378794843410837,21.999437392639294,40.40148036463809,-37.70964974074387,-29.423306600663782,-49.42969063096441,-29.564868002863317,22.35614613508525,-9.47590920238071,-4.4977895687742375,15.43233996907925,69.87706621152662,54.44472624244737,484.1948444432296,453.81661800136044,-147.07507187032036,252.62343851412652,True,True,False,False,True,True,True,0.003547550850060192,43.06972776924589
116,1.9333333333333333,125.33878957055263,170.22472537011024,166.26745572693054,170.25016202675795,56.09241688589865,98.35295436701199,127.49012696694231,143.77078519152738,23.903975667624618,23.903975470091055,17.769529516208625,32.04783449350887,-24.13560034100654,-29.083522819544832,-65.59356710126205,-36.62646642339799,24.413064449979558,-10.232783879362916,-4.642299540222663,7.553037342659894,69.86307111228842,62.31003376962853,-1784.2755522333334,-444.08293207619124,831.1740378939004,-199.7926695449013,False,False,False,False,True,True,True,0.6092895474163674,42.56583868753249
117,1.95,114.95787017830501,168.99796527996767,167.70516650187778,169.71019188528194,53.15331226367527,95.34576445861089,125.33138295073195,145.56916914012584,25.33069976697249,25.330699801192964,16.20946502534907,29.070600468506225,-17.282606870838308,-28.66275038506637,-52.274748172011925,-40.88311217710697,25.354122515980272,-12.622108829418151,-5.534171460250517,16.471633656881956,69.5942673032873,53.12263364640534,-4139.080691699271,-280.6450912925061,420.4176921314911,-103.744259599452,False,False,False,False,True,True,True,0.8719574688783687,42.95714755605464
118,1.9666666666666666,107.75704290820796,166.87507235725823,166.2178910282145,167.8516206279162,54.64937013656627,91.84424551443658,136.84130654056028,128.67974888513126,27.66961759681007,27.669617766999473,13.73227051512568,24.437050185039425,-4.32379272674047,-29.374777349265987,-82.25515966227618,-46.310230173184564,29.483380389115585,-16.125524207292937,-6.859312160066247,18.50727617993432,80.60440404241493,62.097127862480605,1950.6766811764833,-282.9054619127203,-44.67368592219202,-231.16957705523362,False,False,False,False,True,True,True,1.0354391036597403,44.156221086208916
119,1.9833333333333334,105.38538021403781,164.16569449317282,161.00835290050452,165.0065330847258,61.52053552824535,88.01146651386678,142.30637089356756,116.13937870846887,30.825776628618318,30.825776831771133,12.928905161765172,22.956158887916708,1.5097033297754288,-29.62628593105638,-73.44721164705406,-48.06786470396077,31.26631892159775,-19.943340659125337,-8.305050310009216,17.862471010397154,86.62613917134804,68.76366816095089,178.4671175342757,-90.36755693898158,-420.43127313319076,-95.93571050914704,False,False,False,False,True,True,True,1.0661132323799978,45.66505464186224
120,2.0,108.05600247556887,161.0327943839482,152.29735703122162,161.56781506808093,73.18453584041244,83.9192942383204,144.56764328620991,110.34314147989332,34.57946054288101,34.579460703542836,12.827779922508093,22.770435983328113,2.6803810919477224,-29.631495750525236,-70.57394060259585,-48.1561681857207,31.751501771803426,-23.23276938159119,-9.639421349091993,16.531757335787287,88.63491562343675,72.10315828764946,102.1555969407217,-4.985619737329898,-91.57530732790292,-29.094185189880477,False,False,False,False,True,True,True,1.0485508298042197,47.07489608900431
121,2.0166666666666666,114.56654153559246,157.44352111256583,141.34793518149198,157.90282842456017,87.62972294787691,79.58243479997648,160.67380562025664,135.41898302279102,38.58080482681541,38.58080491049311,11.076563651790234,19.576744798494623,21.77348150540756,-30.201261356739547,-34.19665653864839,-53.423995638496066,37.65544084011512,-25.356781397346186,-10.764961390504658,9.36155362136861,75.53956691599645,66.17801329462783,1037.0510190376465,-281.8837107950901,-1521.3553114594913,-240.8310984430051,False,False,False,False,True,True,True,1.201188189386941,48.24511799868494
122,2.033333333333333,122.78687398143651,153.2256437333829,130.12496682340054,154.28940551357945,102.00778878382079,75.033469664493,168.40117797253436,140.40654820999703,42.379318202360544,42.37931821123457,10.298280402567851,18.169979639794605,30.64539194350301,-30.3671446255604,-25.53596919869189,-56.009526332435016,40.331471713129886,-26.056896487910244,-11.728528178450759,5.607344832126695,69.68029053309104,64.07294570096434,-12.67338588771338,-145.17884550791393,-719.3653109642185,-107.28503506654249,False,False,False,False,True,True,True,1.258600551560931,49.10875359780376
123,2.05,130.36716732455014,148.2113050917831,120.71088040958072,150.8679659697213,113.48307624322798,70.42858499699166,164.30030021874964,154.3419894654995,45.50164442887661,45.50164438765229,10.128862422905916,17.864690460479682,36.30537132149136,-26.719456002223595,-11.465302109372223,-60.536438651579665,47.30129270098666,-25.49688278887085,-12.683735339700231,6.090631662676405,59.10413307036797,53.013501407691564,504.6412626822999,-490.47605655447853,-801.6512751564164,-559.3539392005181,False,False,False,False,True,True,True,1.2830675718161808,49.53313640601067
124,2.066666666666667,135.4136713133772,142.41865253576503,114.70017723543195,147.6118046570332,120.03800398797732,66.15247452738765,158.37356382318777,159.6808134018289,47.564330988302686,47.56433092823398,10.219692053035716,18.028323913474427,37.024069518476466,-25.108831794852847,-6.294774474310358,-62.78014966975178,50.261513643134414,-24.171758325035935,-13.814599797789842,10.458981143714054,56.23920977358877,45.78022862987471,267.10976628588526,-231.26011353594606,-247.13491030991577,-240.2242373092099,False,False,False,False,True,True,True,1.2816842779205142,49.61107691570647
125,2.0833333333333335,136.95551686222709,136.20761594620282,112.80062819508079,144.33730140544262,120.98347495471982,62.87691809386554,155.59288727685626,161.09091304695332,48.37897580401183,48.378975750750485,10.365719861671536,18.291595744376192,36.26064037051943,-24.716604938543693,-4.97762408410745,-62.82858859997545,50.7328896823087,-22.719719936116302,-15.23942930365226,11.206100021156804,55.945459015574606,44.7393589944178,124.83477229010703,-26.439947192877185,15.235978713359657,-48.408565009562494,False,False,False,False,True,True,True,1.27342889983397,49.477670294297425
126,2.1,135.1146110908101,130.34139356312664,114.77288483116976,140.77916301230644,117.03998609258528,61.52509588734209,124.06700855295588,165.61771708318352,47.99796191898112,47.99796188663531,16.60766938354188,29.825870535047162,27.836928061068722,-20.774648270054072,-13.27983633197044,-67.33803454979936,48.132460303750236,-21.703208790494042,-16.924137247466792,28.620562557113885,51.867908752780046,23.24734619566616,7.290003695876521,-507.08415710178883,653.1429157018013,-142.42543832321076,False,False,False,False,True,True,True,1.0839540377221173,49.024857853810175
127,2.1166666666666667,130.96516131536038,125.89596593961319,119.69073655643332,136.72739261198853,109.99516008491103,63.11350962096123,107.43796557674926,170.1232492922985,46.6715131169958,46.67151310797031,19.33893487284244,35.09580796568877,24.62306129877349,-18.99543860605303,-19.120895394697136,-68.94638522756688,46.7499216443543,-21.43252498094974,-18.638839897319745,35.11132500948088,50.49507826347911,15.38375325399823,-157.63153802695683,-203.2536205069306,263.91575343885165,-47.70521509694788,False,False,False,False,True,True,True,0.9972188153252898,48.42155761787461
128,2.1333333333333333,126.13626055492222,124.0023526885761,126.37343309781576,132.17759469858,102.07233931064742,68.49084008782465,122.26599619722917,163.81731854681965,44.730864506640806,44.730864515185395,24.498468860657173,45.569398241075895,18.727811803078993,-8.470843176416953,-41.88564499147192,-68.11641698826358,41.19386677062739,-21.888619723953035,-19.98293391831989,43.52874740066169,48.000835099970494,4.472087699308801,-1012.1700060718928,-581.6776314228471,557.6199398956766,-278.37456204989337,False,False,False,False,True,True,True,0.6206929837009184,47.01662319052534
129,2.15,122.28069188386526,125.4803111046556,133.7886121972958,127.41844998952536,95.23715277514943,78.05117823902943,130.95912197476838,161.10480476152907,42.45292933576417,42.45292935276163,26.568282069744104,50.007048913100846,16.463291833242234,-3.6729696431335905,-52.4393302072136,-67.24638042420705,38.84754167200879,-22.764658286281072,-20.48065138642464,46.40945626654547,46.955808495361765,0.5463522288162963,-497.34991475675116,-235.67021815487863,218.2679032941246,-125.03835286275375,False,False,False,True,True,True,True,0.4699201200500169,45.057484387468186
130,2.1666666666666665,120.58676419717817,130.49369149589322,141.26792180470116,122.9955585525183,90.69229693521612,91.53006376462648,116.46686790195486,156.3658153711102,39.974816606276676,39.974816623322376,29.78538197327412,57.23666353875964,11.476751469119817,9.451661426846165,-50.21737143349204,-39.51390558817997,38.79253414733256,-23.600619563197352,-19.72088554465511,49.2014317428,41.55055908401754,7.650872658782454,432.50994827492804,876.4706259670593,284.55902052203896,-792.3760260113236,False,False,False,False,True,False,False,0.10575254215042497,42.38570713057587
131,2.183333333333333,121.50200289619872,138.37809229670066,148.4889204718844,119.54946592361769,88.73391550536437,107.96617366962877,111.09309713762124,155.0483340051149,37.30120893501865,37.30120894677962,30.740502332220636,59.47130652692635,9.53817220610491,15.060596081872164,-47.88794258701434,-29.00503573279824,39.448710374269936,-23.951132917845044,-17.496104135921424,49.68182587866893,38.83479115404718,10.84703472462175,256.0804865714769,293.99611202434244,79.8016140343401,-383.2438718613679,False,False,False,False,True,False,False,0.031275359489534256,39.316647894392744
132,2.2,124.74600161283675,147.74025342370047,155.2983177496048,117.59786027869959,88.97700328590547,125.84239806072254,109.24009921268046,155.27794371019684,34.3941662629331,34.39416626768286,30.679860008360286,59.32812161330978,9.153177778426887,15.91770313967998,-46.301238954160134,-26.355159625273117,39.905497605286435,-23.521157959753022,-13.893329574715434,49.210762766074204,38.27802945204531,10.932733314028894,118.30188363260078,107.56614298396016,4.69811624437682,-84.58262630465128,False,False,False,False,True,False,False,0.052800860906642724,36.37259549653564
133,2.216666666666667,129.5567528715563,156.8290539378253,161.5212694135202,117.36955474238461,90.7807461474454,143.35660672773375,114.40405757584226,176.20575838624845,31.28448618259903,31.284486181431447,25.099339170422144,46.84201652216005,-3.9609931282340667,18.11041444277549,-44.91252080607441,2.952881210619897,32.09879949455271,-22.229067787329893,-9.303901732949607,38.65388392482247,50.74603134843741,12.09214742361494,870.173343287309,1626.919771977931,1221.86813919312,371.6747697457464,False,False,False,False,True,False,False,0.34255121501846236,33.990909780543475
134,2.2333333333333334,135.01696014585806,164.06881808820108,166.88088727886085,118.76885493950303,93.62059085019357,158.74637630335107,119.973058036778,154.62641148001475,28.131151182942407,28.131151178394795,21.613084573381606,39.61922004522358,-10.281936838104542,18.5404964056746,-44.195063747944545,11.950832266217764,28.542122659201297,-20.19730213786857,-4.344007868035104,34.29841344865946,59.3951984390799,25.09678499042044,422.3040460813371,514.0721455639385,579.4411692318789,204.7203770249942,False,False,False,False,True,False,False,0.45345117975958843,32.36512848602018
135,2.25,140.29759016940835,168.56197328658163,171.0570638147193,121.47101009768869,97.21433275734387,170.59131586949383,158.4116036792607,130.5320523796209,25.19100195364183,25.19100194837363,14.878672182488634,26.568087152094744,-14.466059607711644,20.928826696300824,-57.145162573975064,24.88709137267439,22.167474229274905,-17.702743298391965,0.2904920201421969,24.069382105694597,63.915416536363445,39.84603443066885,-525.9585633913588,157.88396778708432,122.21773398033747,191.25505372077583,False,True,False,False,True,True,True,0.5867769293446788,31.493302160485168
136,2.2666666666666666,144.7416541343909,170.35233234548022,173.81663022756442,125.07975432807208,101.38292450615867,178.02478070482329,167.9373556970778,146.77341532336752,22.719266328098513,22.71926632401714,12.682930765458584,22.50467094812593,-15.296404776170496,21.475659008388426,-64.03210289410092,29.528476956667102,20.07294606366974,-15.1210126526413,3.986685881611404,20.195940921893065,39.44430769712623,19.248366775233162,-363.39570910323346,-245.67319631439887,-201.57140303407914,70.92688147062546,False,False,False,False,True,True,True,0.627786997249042,31.177610486640617
137,2.283333333333333,147.8433405574288,170.32389601684903,175.11848267295656,129.2620287675363,105.81239446820481,180.80974085050423,169.90961699107862,151.05085563314984,20.862426462729655,20.86242646067192,12.398543085652417,21.983760241704744,-14.772744904318362,21.402639841637683,-65.78790091877919,30.283877928719097,19.83811242881262,-12.871370254461828,6.343334023389049,19.477146350864782,35.18665256002038,15.709506209155595,-136.76747379272626,-49.70520832836314,8.531577930739331,10.95410971112102,False,False,True,False,True,True,True,0.6237194471809469,31.18598086799555
138,2.3,149.25515995958364,169.76715588474045,175.138655274544,133.8105303956054,109.95357822218409,179.2734121535725,177.87112912346697,129.43691665420255,19.60411414280826,19.604114142672614,19.071524511543306,34.57245575551268,-7.665305696752992,13.419628973400874,-26.424369943953106,32.3007865342325,20.147356815743457,-11.343229493886476,7.232664005398854,10.621801584210802,60.89155799801208,50.26975641380128,1935.3655060441174,-599.9951684313453,438.11300413298,492.9392730836466,False,False,False,False,False,True,False,0.2777729115821599,30.96033175204049
139,2.316666666666667,148.89568153419077,169.79616996268476,174.21501825306572,138.63376112398413,113.17968676599844,174.13306848461198,175.78956999967602,120.40934572146956,18.78864974920671,18.788649750329526,22.55190148739672,41.52752324660159,-4.9355832139609355,9.42750542145332,-9.578879336555708,32.656653124796115,20.51528535737574,-10.797295047028998,6.7864507291977905,6.029688188971222,71.8595036259913,65.82981543702007,846.9460874840496,-260.8794085554507,-220.6298786036865,233.79866204052632,True,False,False,True,True,True,True,0.11702838981768482,30.47079402130029
140,2.3333333333333335,147.07724350450596,170.86713405579212,172.74003858684046,143.70208551140885,115.09480073386705,166.26467564320797,170.8933420965942,115.35785634182513,18.202333608790614,18.202333610359574,11.489176700303217,20.325558556710718,2.7389326309796735,5.312571919738854,-30.215146617454103,15.79247507539537,19.290593767010453,-11.277569007694693,5.31627790271621,6.4036265421142,72.70949811022962,66.30587156811542,-1698.6469875636556,764.9546728643202,-349.08694851373184,337.87404197238914,False,False,False,False,True,False,False,0.02906794949261322,30.72916403521753
141,2.35,144.49079213202637,172.59736460349666,171.0413854011305,148.98233947155745,115.74732232340374,156.47172960975197,168.3770273795164,113.32762799694687,17.666283987372,17.666283988733998,6.062242433689224,10.62026971596435,6.200666245306166,4.378663188530652,-42.96604041988023,6.166739166868397,18.81603352593734,-12.592495983059443,3.1936762350959746,10.995380278198304,72.36370771755202,61.36832743935371,-972.7576450124707,521.5096306399107,-155.6944561917561,88.25555492199555,False,False,False,False,True,False,False,0.07052140497588343,31.77472504340522
142,2.3666666666666667,141.97904379098574,173.9384813134044,169.29900226817267,154.38629434247352,115.58055507714606,145.31674965908232,168.1819348548488,101.98993784314828,17.096943338054924,17.09694333886125,2.908711660454401,5.081025316223372,8.76811380412248,-4.716395649674664,-36.741759844687394,-9.789859430327905,16.679903452077035,-14.38790386923981,0.7318935914747042,26.299346914693828,74.75419502185964,48.454848107165816,219.40998098546402,-197.12326813523873,26.478148765712604,635.9652900017517,False,False,False,False,True,False,False,0.3019369781221992,33.517236342727145
143,2.3833333333333333,140.20786179999507,173.60084081686594,167.5415766502515,159.74799440142348,115.16184636526941,133.07594954699186,168.35400075639416,92.81058445397701,16.51366771171751,16.513667711920807,2.1518774765165527,3.757501592664191,9.326730206373028,-8.94252919632272,-32.53242779428315,-13.158046227454482,15.812438871193956,-16.27197161609524,-1.8841351921464702,33.07139877936851,75.76466412759345,42.69326534822494,219.04293889166183,51.47680497173951,38.18549850707768,289.0564685142897,False,False,False,False,True,False,False,0.3917954987987181,35.559494259647096
144,2.4,139.42782255962706,170.54031589919973,165.7301724548952,164.8321861320657,114.87487227083106,119.84392374524093,168.44426693175794,89.78321920851398,16.000635136334036,16.00063513609237,2.306160987733228,4.027185241607976,9.016531148913712,-10.107993045948296,-30.630290201562506,-13.15286714046752,15.617925715464162,-17.925066574644262,-4.594166831036779,34.313430752872655,75.99534972145602,41.68191896858337,132.74019901208703,70.23857619679404,33.632569610650194,76.91828582467224,False,False,False,False,True,False,False,0.4087031539277368,37.38272294796254
145,2.4166666666666665,139.4427657629475,164.32519965176598,163.88686094261783,169.36490974882886,114.74441933351893,105.74440644641999,176.76061934258712,37.76171338729316,15.648501850061608,15.648501849613746,1.0311880901985222,1.7999570864498764,12.973991309340464,-18.04160674151575,-23.0789123795394,-32.180406305734714,15.059224587627012,-19.153855369940572,-7.40054038233655,47.815840373077314,72.99119926593671,25.1753588928594,215.63505970151425,-665.6355281867235,-182.6291158949914,496.44794336553105,False,False,False,False,True,False,False,0.5719863634789838,39.24425936404716
146,2.433333333333333,139.7635712878981,155.2694657404672,162.1958340989583,173.07300998741195,114.45191327191263,91.13761370812388,177.65179490143655,21.85212333012987,15.504306361679257,15.504306361240573,0.5336494119400783,0.9314208625448899,14.52293446539012,-21.31078189286585,-20.991879683309993,-42.20718049048649,14.904434502793102,-19.89414206938835,-10.294627909801756,55.193176188582036,71.75910963668345,16.56593344810141,32.285372411796516,-405.4559420073781,-75.37701633378163,200.85429100999022,False,False,False,False,True,False,False,0.6363170643651956,40.95514884874136
147,2.45,139.83780131816152,144.3138542423767,161.0147848608395,175.71979411470065,113.49548763488578,76.71274932515038,172.594224795385,121.53312604067985,15.549126951299538,15.549126951003453,2.4772807645340182,4.326366841541781,16.64931744574575,-23.844888275263905,-24.162605038419446,-67.37299980712393,15.690236189269106,-20.19008670098967,-13.217959405919778,59.122720345279355,70.17670584943129,11.053985504151932,-317.82650012918054,-1357.902776064584,-233.72133771738902,146.1059586932049,False,False,False,False,True,False,False,0.6810443859336721,42.42097281774481
148,2.466666666666667,139.24670609775538,132.73145745744318,160.7784114415692,177.12647865462299,111.4031238266037,63.425610082086685,171.48570225176894,153.86532538063506,15.708616249546639,15.708616249433106,3.5536588891928327,6.21027019748226,17.170783393557194,-24.28070745754047,-25.95145940682841,-78.3485046965126,16.05123603961956,-20.16997923748257,-16.072683963508513,59.082907289159,69.45606225047128,10.373154961312274,-138.61921897384377,-632.3811424289752,-79.30030079974301,22.624921443238577,False,False,False,False,True,False,False,0.6870928904283461,43.59477224173321
149,2.4833333333333334,137.81838657074928,121.79459082841323,161.8287602913963,177.17605766121756,107.91832887339775,52.32972424903995,171.9267829390312,157.5350153851508,15.88773438203264,15.887734382070011,3.9523211229832493,6.909063799018653,17.177659922001467,-24.06790947314514,-26.72913491390278,-80.53955173924057,16.184407658906256,-20.018042087760858,-18.759682210228835,57.88471358027878,69.34871087987283,11.463997299594048,-47.07312213143837,-144.23070162820864,-17.570732750589855,-14.403031225280074,False,False,False,False,True,False,False,0.6800745595257337,44.41485689807084
150,2.5,135.66396718853014,112.53188285704141,164.2425988043145,175.80755724561544,103.11252974443471,44.38812787816273,174.24204261395266,161.40421941501816,16.012135850024602,16.0121358501458,9.071592712639049,15.966556830223455,12.430073995044893,-22.932681048189522,-32.65108824916385,-89.57895569809017,16.503414475240927,-19.929889644301344,-21.20789107055193,48.392316801064275,58.672307546710925,10.27999074564665,-70.46204449889103,-661.0032591893591,280.9697409033447,-125.38017588215041,False,False,False,False,True,False,False,0.6419475014894925,44.854202203959176
151,2.5166666666666666,133.1640096143529,105.63405641117632,167.72921323716508,173.0161187514494,97.40594133704845,40.327689864973635,175.64670769790362,162.95264688407957,16.05717216805296,16.05717216818941,10.962850578679792,19.370751593213928,10.644027547943265,-22.242508828989276,-35.614674532375105,-86.27261729272769,16.591485449840704,-20.04732265354468,-23.37171577650623,44.34290023600761,55.280262656233646,10.937362420226037,-70.65239016744499,-239.79063747362233,109.95486592938335,-64.24043451475256,False,False,False,True,True,False,False,0.6225879889228777,45.00004372729352
152,2.533333333333333,130.91478068287935,101.48372120058572,171.64480471800834,168.87049643502388,91.49146218398509,40.55070205746573,173.56031375918113,169.59869290720363,16.051055422792327,16.05105542289589,14.770244893183243,26.36558955256943,2.9939029461151057,-16.635433315087298,-42.00856937904881,-84.94286332211189,16.358753441225808,-20.390642639496264,-25.199635215706575,43.71814676378667,52.30643628141314,8.588289517626471,75.37378530995682,-416.2097690749809,415.90829820946965,-290.82645023315024,False,False,False,False,True,False,False,0.46403223230492907,45.04980727011255
153,2.55,129.61711528026632,100.23888855980891,175.12694218068407,163.5460559381792,86.16595740717054,45.09248324350591,172.7021759995046,171.84878668505775,16.04912065874026,16.049120658790724,16.185884535110635,29.02597201697056,0.2587177230664905,-14.127768999458798,-44.207196329373524,-85.43287409200587,16.259277171910067,-20.825980966687354,-26.59651258277254,43.87646618109146,51.572188481122815,7.695722300031356,32.193496363828444,-121.05921274565105,145.22206031331166,-127.94004855804133,True,False,False,False,True,False,False,0.3954028615182145,45.11917071220764
154,2.566666666666667,129.8877113853097,101.90110225794707,177.31202928579782,157.35777148054768,82.09422760431711,53.61166427253054,177.5870069345381,169.32894229536637,16.088589526543334,16.08858952654446,13.582712561091649,24.16061023297587,-5.509971730689403,0.2563175134369589,-57.399468697521584,-73.27793925351578,15.083187042132257,-21.102660286113476,-27.406432080439682,42.53467170973556,54.28803606257151,11.753364352835945,-445.4149748618539,414.3060084321323,283.0375781468757,-694.6300974753694,False,False,False,False,True,False,False,0.07881677850615108,45.105865743213315
155,2.5833333333333335,132.01062913207002,106.32538346857409,177.5730478750551,150.7731959917417,79.56663158001768,65.4008724533178,171.9654453775877,167.79192258490002,16.144367974823425,16.144367974792978,11.728912357435371,20.761635640358918,-7.876709818429932,5.57812129233818,-61.36321771612448,-66.02105748625732,14.568077514104488,-20.96458912477837,-27.43519489322443,42.16331514742383,55.74451143122692,13.581196283803088,-95.82065585038805,116.10467930323665,-135.16249769918602,-246.5674630755109,False,False,False,False,True,False,False,0.05078768041282513,45.10010891590923
156,2.6,135.70997739373445,113.16354312958441,175.70941510556392,144.3903852425959,78.34504096408155,79.4065637475841,169.87317750972986,166.8836119613855,16.111039167919532,16.111039167878594,10.783952815604898,19.04699496947147,-8.105570861637105,6.933052799672012,-62.244642115742245,-64.24342053257696,14.429928323633767,-20.293934785124964,-26.516837405575313,42.07491888353035,56.364058194504395,14.289139310974043,-39.1538013843612,25.362326781308298,-14.49874380475876,-63.13764273166214,False,False,False,False,True,False,False,0.07836043861223432,45.05626412236982
157,2.6166666666666667,140.0644594638477,121.77203203143127,172.03382039147434,138.87442604841067,77.68901328036777,94.26382617907906,162.82394535272851,163.85286385303638,15.828538487789436,15.828538487754622,19.7653064456279,35.93383007089879,-16.894260010193328,18.54773468152227,-56.40760725499447,-39.83839629217442,16.808664408753597,-19.215509007736827,-24.609055083172283,45.940088983716045,56.948423449371155,11.00833446565511,877.5434405621832,767.4205415174913,-275.6518996638579,-749.5421436798978,False,False,False,False,True,False,False,0.3644723420085023,44.955653225077015
158,2.6333333333333333,143.65316385544682,131.15198068159458,167.32534835519044,134.8579878035769,76.59236268146863,108.38124260285015,153.46350423809932,162.4783782160534,15.147907813433022,15.147907813412942,24.469960704262135,45.509323531180044,-20.334446291380125,23.895020575387708,-53.42795193579195,-31.93636564617212,18.108184769454294,-18.102046596370005,-21.882182774265956,47.37846280845941,57.175855869301934,9.797393060842523,385.19049602496466,153.2846851296037,-86.04940453462461,-362.9713866088366,False,False,False,False,True,False,False,0.47790761905743323,44.818576464466986
159,2.65,144.9229701770089,139.999320861329,162.6481952179884,132.8289368883602,74.16263363731458,120.11752895567328,171.77502599006388,161.5907304256949,14.008619727125442,14.008619727120948,18.190566362717483,32.86008347042505,-26.22965294910068,26.533952083627526,-59.270806152435206,-13.247499086813308,14.291931114649222,-17.469728958807227,-18.75518024833731,42.67549533842293,51.76728094100148,9.091785602578554,3.1411464650705057,962.9961030726715,-588.2380641252513,71.90512640751933,False,False,False,False,True,False,False,0.7725235236807252,44.60924956637682
160,2.6666666666666665,142.6609372285669,146.90962042537797,159.0698922406958,133.04135700591164,70.00052779221143,128.05401994255863,161.26963601536417,161.54246339099728,12.48751279428373,12.487512794290497,14.373524772890127,25.626387680358487,-28.042287959205723,26.72713305419552,-62.15239887441721,-6.3709482590527,12.390953797664302,-17.807219522041702,-15.841490831631344,40.36931330091964,49.1090966970816,8.739783396161954,-64.13746271267314,401.00219143390177,-235.65016355879266,93.53956591825863,False,False,False,False,True,False,False,0.8808230760571145,44.326625354458955
161,2.683333333333333,136.40402670289066,150.7143554774236,157.34918069761392,135.47794975383496,64.42755923716999,131.306715276617,160.1135459702828,161.42401858781483,10.791347543634567,10.791347543646348,12.863008218359932,22.83511797388241,-28.160247496025992,26.10338760598131,-63.22195694530745,-4.678728510216317,11.703513708882932,-19.407670259041296,-13.800120011339141,39.42721517636179,48.308211052215874,8.880995875854083,-57.09591204434503,138.95791182376342,-59.99188847686639,68.57613864361724,False,False,False,False,True,False,False,0.8982103476227167,44.018815755251666
162,2.7,126.64326082945334,150.8519743423528,157.6888383998325,139.86385150330923,58.469089422340495,129.77670145475668,159.51711957252556,160.78953313159596,9.192418436003836,9.192418436015112,4.109029994822066,7.183930601384281,-25.816573854026768,19.845049447647988,-82.52051003280592,-1.9676741273451346,8.088141597033449,-22.263350793306746,-13.130413855257425,24.91142723283905,35.544618264196,10.633191031356947,-1298.5336037743882,538.1635524749584,-198.10952275563977,485.3048236629576,False,False,False,False,True,False,False,0.7727098196258506,43.32317711704612
163,2.716666666666667,114.75924513763468,147.62958779643157,159.6463119264747,145.70745967640732,53.59791075896077,124.22978224143164,161.91724624951414,160.9589945545633,7.932513386205017,7.932513386212459,1.5667776185480882,2.735224618205157,-24.552684450506337,17.09082389180334,-87.62184129488998,-1.3656444789604252,6.748739610979487,-26.050014147441097,-13.98326920206297,19.40545966634281,30.607039437012507,11.201579770669696,-667.2922845135906,201.37531225472912,-57.248310089770484,199.46549856326158,False,True,True,False,True,True,True,0.7029226808055677,42.29027570224366
164,2.7333333333333334,102.7234432374559,142.2363250982988,162.25531053641132,152.34156516196134,51.34032005732623,116.13174144090107,172.68007689115674,138.1377121231581,7.133879814888296,7.1338798148909905,0.25142661867963617,0.438825049059353,-10.505412481825871,11.7361690753278,-88.55204866871289,-27.622651709974626,5.895188868811915,-30.192779779362613,-16.0701795977792,8.322128325172363,26.73569431036686,18.413565985194495,-787.0238756927739,-1254.1411448823892,792.5559761062306,374.9671625260777,False,False,False,False,False,True,False,0.2605419001231485,40.37643321115603
165,2.75,92.67094640547236,136.44697283015321,164.3366479810802,158.95836080336073,52.89374118815486,107.24780028560845,176.74868673931925,124.74976643876767,6.754018610783981,6.754018610782831,0.1800152265030937,0.31418687442918186,-3.607221117621206,9.361104996857215,-89.05702948298216,-42.234493120889496,5.8168181162218,-33.98391214870058,-18.723847018996217,4.4622741537377495,25.95168537311335,21.4894112193756,-270.4361709978386,-734.20663995155,418.1889137571386,155.60487350324877,False,False,False,True,False,True,False,0.07132680186230517,37.86340562080319
166,2.7666666666666666,86.46568458207393,132.0896809736095,164.89036055509678,164.66039178349044,58.87275963743752,99.12488413685517,161.10374727929698,93.80860805424113,6.604761253279797,6.604761253276573,4.489548775842295,7.851817135567515,13.592486808243601,-0.1903017832446737,-78.76042690040845,-54.4131706680851,7.0259206329369706,-36.72084784491153,-21.103289135028138,13.452355418896863,23.90250896001887,10.450153541122008,-414.18632060044615,-157.63624602073577,-115.84298430043475,462.23734743062266,False,False,False,False,False,False,False,0.2908477931474258,35.57860799682352
167,2.783333333333333,85.34851352216239,130.47267909075188,163.41327951953448,168.56430513242114,69.21692136026586,92.6527458453463,150.25869849756205,81.0035505960181,6.42991800627919,6.429918006275659,6.08041889696645,10.652352525443083,20.85191598748581,-4.071636541532989,-74.64628152589994,-56.27171296856952,7.676077760153378,-37.840147191500954,-22.46980737531784,20.92950719799723,23.256185521334096,2.3266783233368677,-188.71702828518977,121.36754747089952,-446.55349284351985,179.2889923144122,False,False,False,False,False,False,False,0.4186772867140615,33.92114357263409
168,2.8,89.72160300846562,131.99092625477292,160.01796777371982,169.9778656552399,83.22820752111575,87.8804120777867,146.82295471799688,78.31512892357449,6.0102567721594005,6.010256772156775,6.500549551583255,11.394532430695818,22.356421073578503,-4.714786441452606,-73.81006255517048,-55.9928610637622,7.949411508217499,-37.02584209933063,-22.42611276511068,22.64650999547002,23.311267996373992,0.6647580009039729,-40.097166921929386,55.320108284240064,-99.4973222349114,19.208517607060003,False,False,False,False,False,False,False,0.4360985273175071,32.92773997944117
169,2.816666666666667,99.10148409302708,136.05174245083046,155.326146207021,168.62288394745423,99.69888060244907,84.14899935874294,124.84441246856464,67.10831873948761,5.251942908907368,5.251942908906135,6.781267493971629,11.891120092491125,36.03327341370469,-16.90164175403725,-45.4351113646495,-59.92101154562635,5.634978835159786,-34.26870882941678,-21.02789657409836,29.03660221776208,25.55800833593525,3.478593881826832,881.8859310218659,495.5222898456219,-669.5566365475639,797.4670994162466,False,False,False,False,False,False,False,0.8252902837653803,33.56081524357674
170,2.8333333333333335,112.25316198235993,141.32766325990093,150.21115978533726,164.81903476862414,117.11247577079085,80.46388465561853,115.11841114421097,63.13912049499251,4.2219300068194725,4.221930006819505,6.707991289501293,11.761440275903079,40.89232767790181,-21.88886260541781,-31.88353623617777,-61.483675014784794,4.581208139092757,-29.85874843783228,-18.732496572963598,31.562105850920158,26.96002267923568,4.602083171684477,521.551251859137,205.47344293396748,-226.82634771647542,-356.1598921023881,False,False,False,False,False,False,False,0.9812181528705357,35.26962572473722
171,2.85,127.47468861564158,146.23004841327943,145.51462893490094,159.5168489476558,133.89619633751988,75.9463174322502,111.10182636252135,52.477801972267116,3.11796865869175,3.1179686586925714,5.686188100945259,9.95698105734633,45.1993647972487,-36.284018350753556,4.752609505505602,-64.40054055739446,2.068154690841616,-24.31368576316178,-16.2144605629861,34.955360397330175,41.78512948386341,6.829769086533233,1939.7465173505918,688.6974121648433,-167.06121194151137,-1051.9811108203153,False,False,False,False,False,False,False,1.376147960156477,38.38029916331688
172,2.8666666666666667,142.94153418899566,149.4294975969268,141.84613459337095,154.11068823989328,148.66252678765605,70.2007839416978,109.90047825632946,49.052447536051886,2.1895470555132093,2.189547055514273,5.100061928227119,8.92487118263308,45.99043506405728,-41.44747929661521,16.727109739652764,-65.4286215476452,1.100814195983897,-18.272515326967888,-14.126795988325798,36.469402113223346,48.03174552954007,11.562343416316722,671.0057980431952,248.12279733641105,-18.343955360175528,-388.4773939388879,False,False,False,False,False,False,False,1.5223532680348268,41.95600650458248
173,2.8833333333333333,156.98699134773472,150.23850875877736,139.51133947750193,150.0650108953013,160.35338218338666,63.484332424757945,111.9937047186437,49.25676847296664,1.6452098871141956,1.6452098871150793,4.86158865841572,8.505494885448083,45.62348293569118,-42.371181265961624,19.179397254210862,-65.53799903416353,0.9168871658522805,-12.396221777378386,-12.903042526823684,36.05233423077093,49.400111374018294,13.347777143247363,169.15437857602683,48.85946896953158,24.81759793501965,-72.58987268714804,True,False,False,False,True,False,False,1.5442366540600467,45.126968082707734
174,2.9,168.23324530550175,148.72397507305814,138.54426817262038,148.4825909988848,168.24179995047294,56.63474404114296,125.82946492851379,62.17691757463423,1.5836766727583371,1.5836766727588305,5.5580078616855415,9.731096315695616,48.23414840988847,-43.62260699517931,32.76940919404321,-77.07674548316386,1.2938528171150159,-7.304922035190806,-12.672516963894031,43.322767237854364,68.74502924682025,25.422262008965888,658.7607879429578,-617.2392431891421,-242.82616534923704,-115.06623469138219,False,False,False,False,True,False,False,1.7010795820187146,48.205082189482596
175,2.9166666666666665,175.58773604449524,145.5256350787123,138.78386974960935,149.769195287417,171.83633409421364,50.79072304407068,132.75393226669826,89.73761030277251,1.972521100661116,1.972521100661208,5.945105768381902,10.413566355088538,49.01700267618895,-43.559530566741415,38.700204020961166,-81.9651294592704,1.5779022290835283,-3.548946959435215,-13.30639275819508,46.107832273952276,75.00384001287406,28.89600773892179,308.87643363925577,-297.0876242730344,-88.19157065184072,-3.4225772218690054,False,False,False,True,True,False,False,1.7523802987946857,50.84991072804554
176,2.933333333333333,178.2093463515191,141.48386338678,139.94691021990744,153.5052774523294,170.79754288817978,47.0093021467346,120.72342570165614,154.20332838701873,2.676919326879902,2.6769193268797116,4.240513431094569,7.414635257230021,47.050907307322845,-38.82447205217455,41.13040300915618,-85.84852556060402,3.5826035750609653,-1.5852535958183056,-14.550366770044608,24.79453952005329,83.97173279399689,59.1771932739436,263.7776614263379,-517.1072769580701,-7.169516138312133,399.1798968950411,False,False,False,False,True,False,False,1.616900403436434,52.86779841701626
177,2.95,175.5598489209283,137.26403191558418,141.68680125687513,158.56135631645228,164.96123283213217,45.92840131735045,116.39243189683307,159.81087013196236,3.5214581285116413,3.5214581285113336,3.430058824099947,5.993744072394564,45.885674482412455,-36.58221207685067,40.888401884001354,-86.75622044848274,4.5338276699431175,-1.7294534344940082,-16.163374840413127,14.079675380535459,86.92886995529007,72.8491945747546,55.39390198640547,-188.99729179406563,15.398617613984698,193.6197509988017,False,False,False,False,True,False,False,1.543332926649894,54.18613153754683
178,2.966666666666667,167.58259444252397,133.15576723196438,143.6544385914597,163.42012617767625,154.48540536947786,47.60510676073453,144.27578814564455,170.77465101928215,4.357113223327181,4.3571132233269,0.35164482615452225,0.6137437074191577,39.227480851785344,-28.212537434299094,27.415315516090303,-74.50205377058273,5.007303890011104,-4.076144995731474,-17.99100036933976,13.473899975395517,84.58610641022918,71.11220643483367,-408.89356423577965,233.06952211914165,425.08690704366643,590.5757492718374,False,False,False,False,True,False,False,1.2592855135873446,54.57882258823541
179,2.9833333333333334,154.94137012817887,129.12258750274236,145.571596835692,166.60704737961063,140.05050029491434,51.578722445530175,155.11138149886685,174.9666767104172,5.106785981615733,5.1067859816155625,1.799433277791776,3.1416365109331927,36.354018492966176,-24.259340742630712,17.495674289926097,-68.5951523743664,5.133871176379902,-8.411514837833197,-19.949812695146147,23.13607308085409,82.93355686874838,59.79748378789429,-422.77073204380656,117.2222822730788,189.62594959600096,272.897082867147,False,False,False,False,True,False,False,1.1391543726853048,54.18440374849122
180,3.0,139.16685207626304,125.03399896775831,147.29991406573959,167.09343264370116,122.98627385244701,57.10191362774024,158.11456127179227,176.38530832664333,5.77529182210541,5.775291822105368,2.1387362995194863,3.734533727111332,35.591785738693225,-23.314861779633475,14.031860651380645,-66.65954532459546,5.056530444487051,-14.167526047169869,-21.955773166921798,25.064005960832933,82.00263031082122,56.93862434998829,-162.09485305815178,59.467685206851684,58.19983421919176,61.05061860678916,False,False,False,False,True,False,False,1.1087726571409,53.383917705793266
181,3.0166666666666666,122.54418997294026,120.91153914652268,148.8693591620066,164.53795999431043,105.19469358807062,63.41566180573066,156.31445514372956,168.31742874250097,6.426911607557169,6.42691160755723,2.6633872291309877,4.651838755378455,35.13378290757736,-4.755148388081613,-27.169560383538307,-62.79556028379222,6.123750234860124,-20.472601338392938,-23.861922116306673,31.221200888025226,87.44916079223991,56.227959904214686,-2444.605092252711,-881.7437010467208,-55.63106712379977,-162.96522957026298,False,False,False,False,True,False,False,0.7617703737947776,52.32274789584173
182,3.033333333333333,107.66110808472715,117.02619218001401,150.4418043411451,159.2845810323552,88.80238898797761,69.95126532742606,154.93478131222255,164.76762045012202,7.146351484871017,7.146351484871136,2.6615887401991216,4.648693012053638,35.2943439502377,3.668657646967003,-38.67919860587963,-62.06435130369899,6.570516734053091,-26.326863521163318,-25.45824995514022,32.74617763230842,89.79206747945261,57.045889847144196,-700.211955902914,-461.5558232992092,-49.03685175890928,-518.6813418591805,False,True,False,False,True,True,True,0.6208168172302896,51.22382411870467
183,3.05,96.70155437682304,113.79160864610586,152.22079045253784,152.12818425978452,75.60264286088848,76.40657112194738,154.54253315193483,169.67870583990447,8.001522496964574,8.0015224969647,6.320601503324614,11.076498884920564,28.923889070720037,19.401131546052884,-64.78503169416666,-52.19174997772815,8.49866711865221,-30.872334394546154,-26.539701047211356,31.77086359295404,82.29660338205787,50.525739789103824,-1184.1226925288033,-351.59235439224005,255.01484207759063,-1054.1288926912591,False,False,False,False,True,True,True,0.20527974195080306,50.30487121126981
184,3.066666666666667,90.73076358106077,111.52946565702766,154.34903231087097,143.9597228333602,66.4790242359361,82.71172292115386,154.82984277459207,172.186661903039,9.020281824569382,9.020281824569475,7.873421930345477,13.82886906214161,25.966028618218555,24.829671825888354,-72.78769832657783,-47.52705271469393,9.26134141618065,-33.66763506504224,-27.001578225815333,31.00233244842254,78.7404376350737,47.73810518665117,-302.6883707930915,-45.83058100924461,126.95111660190094,-369.3967266810017,False,False,False,False,True,True,True,0.045425507361024714,49.591026421767644
185,3.0833333333333335,89.27349520033502,110.25360887960525,156.83963366968277,135.45776221990982,61.057220204566306,88.93530435274708,155.1030408879232,173.15492360180335,10.18437573323207,10.18437573323211,8.251259987217926,14.501555280392022,25.20570297448198,25.54719417351372,-74.52536454064827,-46.193917161258774,9.423587675376902,-34.851869332506524,-26.907015215407082,30.47457042284137,77.5029685677683,47.02839814492694,-58.64043421984775,36.936792348411984,35.081496777015104,-52.70267248038806,False,False,True,False,True,True,True,0.01642111645875587,49.103867967435974
186,3.1,90.39815598120224,109.59691668043381,159.56802239626586,126.9640072574892,57.764856819409545,95.18373979912326,165.20388589970716,171.6955272107377,11.437864363789283,11.437864363789275,14.249719227375165,25.396243000057677,15.712646173353685,34.19996624229561,-74.12801075740992,-36.47647383843498,11.50128696011181,-35.113894034568055,-26.49105384684301,26.18840438686482,71.70080337110623,45.512398984241415,593.4246350638551,63.88027524324286,298.5226305447202,-506.47548144706036,False,False,False,False,False,True,False,0.17360564324037886,48.400741511525474
