frame_idx,timestamp,speed,acceleration,stride_length,step_time,cadence,flight_time,left_knee_angle,right_knee_angle,left_hip_angle,right_hip_angle,trunk_lean,direction_change,energy_expenditure,gait_symmetry,stride_variability,fall_risk,injury_risk,joint_stress,fatigue_index,body_center_disp,l_valgus,r_valgus,risk_score
25,0.4166666666666667,0.0,0.0,0.3739625467832583,0.30625,195.91836734693877,0.10718749999999999,150.64282172355325,111.63291856281079,162.4889724090092,165.69596839019775,5.577646035163584,False,262.5,81.53679231242909,48.86236674550183,0.5832778532385307,0.13601206412253034,0.27202412824506067,0.0,0.0,0.8824238206935372,0.05596515246870583,58.659818551181054
26,0.43333333333333335,0.031506348495355656,0.0,0.3739625467832583,0.30625,195.91836734693877,0.10718749999999999,150.7447888911767,111.64879802327728,162.39405393787982,165.63858540707318,5.668000632088674,False,267.93484511544887,81.53679231242909,48.86236674550183,0.5837296262231562,0.1361322457871244,0.2722644915742488,0.0,0.000525105839762276,0.8860257326308958,0.05545974348244633,58.67788219228341
27,0.45,1.6191304561758848,190.51488149077068,0.3739625467832583,0.30625,195.91836734693877,0.10718749999999999,138.14270302474694,90.92061381603463,162.8314943610321,143.6295643607427,7.228549308589122,False,541.8000036903401,81.53679231242909,48.86236674550183,0.5915323696056584,0.47064201671388906,0.34128403342777813,0.0,0.053445912604361455,0.5832937204340084,0.6340385228007782,64.43246055215255
28,0.4666666666666667,1.3417377400717954,-145.1881266482803,0.3739625467832583,0.30625,195.91836734693877,0.10718749999999999,135.67688967633993,86.89218860062647,163.03869143216434,139.01711925208832,7.553283525986745,False,493.9497601623847,81.53679231242909,48.86236674550183,0.5931560406926464,0.4736062982919068,0.34721259658381365,0.0,0.013115872584679241,0.5228104251441665,0.7654990396694401,67.37386443659548
29,0.48333333333333334,1.014529381664344,-45.24287737072499,0.3739625467832583,0.30625,195.91836734693877,0.10718749999999999,135.3088741208676,86.5980709080742,162.88060900488546,138.53122159338562,7.686358871481925,False,437.5063183370993,81.53679231242909,48.86236674550183,0.5938214174201224,0.47117679991696587,0.34235359983393177,0.0,0.0005484051402707938,0.5211245356539059,0.7778429625866228,69.1232834732115
30,0.5,1.7110613248852453,267.8570714081875,0.3739625467832583,0.30625,195.91836734693877,0.10718749999999999,135.06886353725645,125.78521878274141,172.441121597498,137.40574085212015,7.581234796822863,False,557.6580785427047,81.53679231242909,48.86236674550183,0.5932957970468271,0.36931178389760844,0.13862356779521695,0.0,0.07495315612666993,0.12504600072175445,0.9400121082902315,67.13303022159259
31,0.5166666666666667,1.725707119869104,-161.89517046511648,0.3739625467832583,0.30625,195.91836734693877,0.10718749999999999,131.4129077475848,145.46789110324198,176.04021999002688,137.34409793178023,7.5147431300221905,False,560.1844781774205,81.53679231242909,48.86236674550183,0.5929633387128237,0.36839069468609353,0.13678138937218703,0.0,0.02998227004540949,0.02946920226487924,0.9949868951955652,66.15608847775796
32,0.5333333333333333,2.54046864769138,337.80608292183433,0.3739625467832583,0.30625,195.91836734693877,0.10718749999999999,154.98796146900497,161.50072483659991,170.9250911664117,135.10276627693872,6.556306282889094,False,700.730841726763,81.53679231242909,48.86236674550183,0.5881711544771582,0.3284113580398685,0.05682271607973695,0.0,0.12381730433945458,0.4770594311732627,1.1436631955788565,64.50505811487403
33,0.55,2.5861127690513053,-271.40495547895677,0.3739625467832583,0.30625,195.91836734693877,0.10718749999999999,165.2130167414258,162.64741193218134,164.8447077098039,134.14355223261464,6.22226127947226,False,708.60445266135,81.53679231242909,48.86236674550183,0.586500929460074,0.3182570617044045,0.036514123408809024,0.0,0.048427029881801496,0.6460272434760839,1.199606262139503,62.85975647817031
34,0.5666666666666667,2.9991610402897684,203.8755232650707,0.3739625467832583,0.30625,195.91836734693877,0.10718749999999999,141.12463764763106,158.4000274737446,163.1334531039325,132.3098924616929,3.861486375743705,True,779.855279449985,81.53679231242909,48.86236674550183,0.5746970549414312,0.3636419626579643,0.1272839253159286,0.0,0.10505912647350472,0.5911533740555074,1.2259528949340137,62.672399511242126
35,0.5833333333333334,2.9263430175895038,-241.953969297382,0.3739625467832583,0.30625,195.91836734693877,0.10718749999999999,129.03960808389473,156.24273099871317,163.83642725383305,131.43700867204367,3.046993069219356,True,767.2941705341893,81.53679231242909,48.86236674550183,0.5706245884088095,0.3959870718076302,0.19197414361526047,0.0,0.03784968249243302,0.533446103595369,1.2252682513847801,63.243129848704996
36,0.6,2.6985551006849295,-111.01828623777962,0.3739625467832583,0.30625,195.91836734693877,0.10718749999999999,124.18178388309558,155.5118864921224,165.00404094760805,131.3223161190322,2.8841708686168754,True,728.0007548681502,81.53679231242909,48.86236674550183,0.569810477405797,0.40905736438500806,0.21811472877001617,0.0,0.007011265947995666,0.49131896041005924,1.2166892315285698,63.92405723704536
37,0.6166666666666667,2.9009770130452623,282.4165100971932,0.3739625467832583,0.30625,195.91836734693877,0.10718749999999999,84.76575057305456,148.56002942484733,179.32282190731402,131.0539852812447,3.2770631591286694,True,762.9185347503077,81.53679231242909,48.86236674550183,0.5717749388583561,0.46930959447175014,0.33861918894350024,0.0,0.08546030594443382,0.04522430731311153,1.1727602758870972,64.7420400734237
38,0.6333333333333333,2.839028159297858,-181.9185571656828,0.3739625467832583,0.30625,195.91836734693877,0.10718749999999999,67.8848360656616,144.420875420491,172.7081736643315,131.19719478601195,3.4893897015965485,True,752.2323574788804,81.53679231242909,48.86236674550183,0.5728365715706955,0.48648621964742533,0.3729724392948507,0.0,0.03492736733445852,0.1613054976741404,1.1409453968466166,65.50956870267225
39,0.65,2.740299879751333,-38.328577821235,0.3739625467832583,0.30625,195.91836734693877,0.10718749999999999,45.31573594520685,117.43354500350576,154.2846559356037,127.72741648742243,6.309208290090831,False,735.2017292571048,81.53679231242909,48.86236674550183,0.5869356645131669,0.5319264771943559,0.4638529543887118,0.0,0.02428053888427411,0.7373313300004184,1.0902376067519965,66.38889034181064
40,0.6666666666666666,2.578605110748671,-68.51722994507237,0.3739625467832583,0.30625,195.91836734693877,0.10718749999999999,38.74126534043095,103.75338905189737,147.91118961241918,126.13066835064153,7.6085666818919355,False,707.3093816041458,81.53679231242909,48.86236674550183,0.5934324564721725,0.5494980628346271,0.4989961256692542,0.0,0.005247972726735134,0.9662519723850292,1.0688618189566923,67.8123085741116
41,0.6833333333333333,2.430790896523388,-6.078039329354095,0.3739625467832583,0.30625,195.91836734693877,0.10718749999999999,39.18346582698434,100.27681029333387,146.56927720366542,125.6018662925075,8.02328842018677,False,681.8114296502844,81.53679231242909,48.86236674550183,0.5955060651636466,0.4032585962588342,0.5026152260499637,0.0,0.003559628265979926,1.0086839326407098,1.0692500197969537,68.75506947097504
42,0.7,2.4718466988621492,174.90970069371042,0.3739625467832583,0.30625,195.91836734693877,0.10718749999999999,93.2714197456192,82.24230079143761,142.7077455480435,125.59410483040351,9.42603787488292,False,688.8935555537206,81.53679231242909,48.86236674550183,0.6025198124371274,0.4841352375612749,0.3053557872941874,0.15728671957090623,0.0521456620667782,1.2877133784888164,1.0786482955524008,67.90087187130031
43,0.7166666666666667,2.421431912670907,-93.86153370006042,0.3739625467832583,0.30625,195.91836734693877,0.10718749999999999,114.76267876041723,76.51137423466812,141.6641490925829,125.46408052846205,10.073512409987298,False,680.1970049357313,81.53679231242909,48.86236674550183,0.6057571851126492,0.5524343620839242,0.4171151343692798,0.21938397449642133,0.026073010688043723,1.387655576785517,1.0852644487572092,68.07338118725387
44,0.7333333333333333,2.390262554864061,15.890013061861966,0.3739625467832583,0.30625,195.91836734693877,0.10718749999999999,140.4163157762351,91.78405576578842,137.55098418688286,138.5811175094902,6.944273087200717,True,674.8202907140504,81.53679231242909,48.86236674550183,0.5901109884987163,0.5094983872684472,0.34865374253173864,0.17585758001288926,0.030486903734894516,1.8355545467221401,0.7064599920862279,68.0673906298773
45,0.75,2.308664990223293,-64.25416728227773,0.3739625467832583,0.30625,195.91836734693877,0.10718749999999999,149.2066644693162,101.75039534079195,135.7913600565076,145.92922485742642,5.446284773053325,True,660.744710813518,81.53679231242909,48.86236674550183,0.5826210469279793,0.48097336514211136,0.3123362179956486,0.12402628072143529,0.012638521792456264,2.051013173775181,0.5036051860583117,69.23019527948246
46,0.7666666666666667,2.255509293027574,26.045043661167792,0.3739625467832583,0.30625,195.91836734693877,0.10718749999999999,176.97964008234786,93.5006864282192,141.1901023959124,154.7125479173941,0.24257144423585078,True,651.5753530472565,81.53679231242909,48.86236674550183,0.556602480283892,0.45188483327636786,0.2999233629307147,0.009615759055052816,0.019873257010948844,2.2356758262717005,0.3118006997182442,70.0491621599222
47,0.7833333333333333,2.183597243774034,-31.137066511587502,0.3739625467832583,0.30625,195.91836734693877,0.10718749999999999,169.1949668888277,89.12731611914366,143.80319151288077,157.8545916047514,1.850794769567816,True,639.1705245510208,81.53679231242909,48.86236674550183,0.5646435969105519,0.5150731493157982,0.3115036937352863,0.296606512240775,0.011224070830938885,2.260950857945696,0.2559550039997387,71.412940717159
48,0.8,2.1015500090300585,-22.61600053026509,0.3739625467832583,0.30625,195.91836734693877,0.10718749999999999,167.1114066894304,86.93960711146514,144.72681423501678,157.80458448048546,2.314246804697031,True,625.0173765576851,81.53679231242909,48.86236674550183,0.5669608570861979,0.5469071839667516,0.3158930478522407,0.44480330020315634,0.004941847707554133,2.2317360916423645,0.26437786259634966,73.0110339447144
49,0.8166666666666667,2.038280993664102,17.19496670337224,0.3739625467832583,0.30625,195.91836734693877,0.10718749999999999,169.97368364410838,101.08728545240933,147.78132669454888,170.21448589215154,4.041673702451596,False,614.1034714070576,81.53679231242909,48.86236674550183,0.5755979915749707,0.566605246797927,0.29702733437662543,0.5904578980480717,0.009718227920545263,2.3721524652637194,0.007707945930966132,73.86348201924847
50,0.8333333333333334,1.967665518906204,-18.611969815108182,0.3739625467832583,0.30625,195.91836734693877,0.10718749999999999,171.52568113700127,109.05839860879476,148.82156335872918,175.62170112582146,4.52136753458402,False,601.9223020113202,81.53679231242909,48.86236674550183,0.5779964607356328,0.5717392010449225,0.2845997685902345,0.6471965837490259,0.0045482356848384545,2.439782121868801,0.15320302751743395,74.17492758611182
51,0.85,1.990296951887318,136.99131088243217,0.3739625467832583,0.30625,195.91836734693877,0.10718749999999999,169.07522482357132,110.17930832286099,158.0770712647821,150.951889025028,7.246340974245966,False,605.8262242005624,81.53679231242909,48.86236674550183,0.5916213279339426,0.5423169547828381,0.2895139086988506,0.4878000021670644,0.04260138216300204,1.491171092996016,0.7114712495466803,74.39086333278499
52,0.8666666666666667,1.9594692517205212,-83.88801870860038,0.3739625467832583,0.30625,195.91836734693877,0.10718749999999999,168.85949893385222,121.93850997351892,161.89426751307792,144.65912813481708,8.378310229416632,False,600.5084459217899,81.53679231242909,48.86236674550183,0.5972811742097959,0.5225425595933602,0.27261793842528104,0.4311679519035985,0.019299151947679147,1.2245118775638806,0.9541000390758378,74.39422229459434
53,0.8833333333333333,1.9014742830354205,-49.340332170346414,0.3739625467832583,0.30625,195.91836734693877,0.10718749999999999,169.16220257754347,125.3710471852479,162.67475301477717,142.9318418726934,8.566722049050437,False,590.50431382361,81.53679231242909,48.86236674550183,0.5982232333079649,0.51848108741347,0.26632306465329636,0.426597775434109,0.005593502477905101,1.1610711685360644,1.0201902401312108,74.32930294457962
54,0.9,1.9025758109777353,95.86850213738077,0.3739625467832583,0.30625,195.91836734693877,0.10718749999999999,167.8475297191268,80.09674290711742,163.258629062187,138.1204828034169,8.891318294402389,False,590.6943273936593,81.53679231242909,48.86236674550183,0.5998462145347248,0.5237885762817611,0.3400719181570757,0.2687630860161166,0.032223645156127904,1.0718114561526362,1.1224966677632227,74.18038143984494
55,0.9166666666666666,1.8655042513214606,-68.57937020962177,0.3739625467832583,0.30625,195.91836734693877,0.10718749999999999,165.67982380719369,61.882886054969696,163.18570199932205,136.05907098037702,8.921784056086594,False,584.2994833529519,81.53679231242909,48.86236674550183,0.5999985433431456,0.5260147110601923,0.3687213143315222,0.2082702694721558,0.013173817811920481,1.044836684680799,1.1491156265039104,73.99243936259748
56,0.9333333333333333,1.9558843805612633,117.14886523506466,0.3739625467832583,0.30625,195.91836734693877,0.10718749999999999,178.88470792533505,152.34607748919188,163.64683205327702,134.3649540989294,7.814853715876342,True,599.8900556468179,81.53679231242909,48.86236674550183,0.5944638916420945,0.4425968127565223,0.15490190420754424,0.32572930326375105,0.045715173171067686,0.8379457997868752,1.22607232395711,73.74794335248008
57,0.95,1.8843823505225719,-100.87298772724748,0.3739625467832583,0.30625,195.91836734693877,0.10718749999999999,175.56734929950642,167.9883489593434,163.92332210790684,134.05333847152977,7.299336641334682,True,587.5559554651436,81.53679231242909,48.86236674550183,0.5918863062693862,0.4323102803366616,0.05338797249150094,0.5280814704545556,0.017694895439954707,0.758856016950992,1.2474132375969726,73.12739836199592
58,0.9666666666666667,1.922219226532087,51.62189242989116,0.3739625467832583,0.30625,195.91836734693877,0.10718749999999999,179.63651712473734,168.78463030721812,167.55877450422034,133.80934656366946,5.928395113437673,True,594.082816576785,81.53679231242909,48.86236674550183,0.5850315986299011,0.4322661814511767,0.06738090598221472,0.49287864230034667,0.032034311724543366,0.6103022024545782,1.2803409696706787,71.601367011095
59,0.9833333333333333,1.943487786874812,-75.0658437815701,0.3739625467832583,0.30625,195.91836734693877,0.10718749999999999,178.89687625722664,168.24957436251583,168.9224689509604,133.86028205179775,5.401803517296633,False,597.751643235905,81.53679231242909,48.86236674550183,0.5823986406491959,0.4700502914267216,0.0654681950231543,0.6865809695757222,0.011182685949690076,0.5617726118847173,1.2898658347660026,70.23499408123664
60,1.0,1.7963622429491026,-35.25229808843188,0.3739625467832583,0.30625,195.91836734693877,0.10718749999999999,178.0383260495687,167.66477921547974,169.16634171057257,133.99932652869643,5.305379515367626,False,572.3724869087202,81.53679231242909,48.86236674550183,0.5819165206395509,0.4684095977017705,0.06200774360377531,0.6870286294994143,0.0013903797500490404,0.5583166616442135,1.2887643749280542,68.94236192192777
61,1.0166666666666666,1.8152220759183666,136.87849001941456,0.3739625467832583,0.30625,195.91836734693877,0.10718749999999999,154.84784312205917,171.49243855775083,164.91549158040596,135.83292652823533,4.331832484169377,False,575.6258080959183,81.53679231242909,48.86236674550183,0.5770487854835595,0.48282740446335404,0.0919437646263781,0.684277610750825,0.039412187095835945,0.6799732544109461,1.2497761939726102,68.09302818944981
62,1.0333333333333334,1.6021540987694398,-79.66395024270561,0.3739625467832583,0.30625,195.91836734693877,0.10718749999999999,141.96782360357523,173.09808767970068,162.89884842368312,136.6568896385369,3.9607544084109896,False,538.8715820377283,81.53679231242909,48.86236674550183,0.5751933951047676,0.5198089607215528,0.18239492253268463,0.6430574972760528,0.017283309372952724,0.7476966846994931,1.2366303557092901,67.92473489608645
63,1.05,1.5853474145347766,81.86535057049731,0.3739625467832583,0.30625,195.91836734693877,0.10718749999999999,140.4533517279182,165.74392975161575,160.22275203051376,135.98982864783204,5.03858220651829,True,535.9724290072489,81.53679231242909,48.86236674550183,0.5805825340953041,0.49763171041638593,0.1569935966032157,0.5956745605738903,0.040023687260268906,0.8322282418056149,1.1781973121402471,67.51113562065399
64,1.0666666666666667,1.406133683195079,-88.45714398403109,0.3739625467832583,0.30625,195.91836734693877,0.10718749999999999,140.36386443502943,161.16918200026677,159.16243681571095,135.47074571343524,5.521702930877659,True,505.05806035115114,81.53679231242909,48.86236674550183,0.582998137717101,0.44667193136164574,0.13301537700945168,0.40082121428459944,0.015452255427244448,0.8588578816322526,1.1564773774859707,66.86201934412873
65,1.0833333333333333,1.3362173516432787,-45.2186614832871,0.3739625467832583,0.30625,195.91836734693877,0.10718749999999999,144.57739135665477,159.81215321718875,159.02798325889077,135.27721642308668,5.74004330958627,True,492.99749315846555,81.53679231242909,48.86236674550183,0.5840898396106441,0.402163313234001,0.09761623358851998,0.26677598219870513,0.002891514619042696,0.8636079656158834,1.1509832549914174,65.92122899681631
66,1.1,1.4297029966589867,183.10525393632196,0.3739625467832583,0.30625,195.91836734693877,0.10718749999999999,172.9285813521693,152.92025729867223,162.78028403969714,139.57231103721944,9.244272801821245,False,509.1237669236752,81.53679231242909,48.86236674550183,0.6016109870718189,0.38783250571225186,0.11292954411900612,0.15683866826374393,0.053754091260419586,0.8178183159112316,0.9963463419613784,65.22724572106256
67,1.1166666666666667,1.3026967772394789,-114.46882207307416,0.3739625467832583,0.30625,195.91836734693877,0.10718749999999999,166.12449442079705,150.33162601661257,164.44167169559475,141.5667627411604,10.77054693730003,False,487.2151940738101,81.53679231242909,48.86236674550183,0.6092423577492129,0.3471592405554321,0.0943184811108643,0.0,0.0219571924244932,0.7961349693225414,0.9334821295447158,64.35181270367747
68,1.1333333333333333,1.39977288940776,221.42961549144667,0.3739625467832583,0.30625,195.91836734693877,0.10718749999999999,157.05127469049688,157.87730480410843,171.8136855185058,150.22828813110698,14.622624864107943,False,503.9608234228386,81.53679231242909,48.86236674550183,0.6285027473832525,0.3090799500752091,0.018159900150418202,0.0,0.08346542633088201,0.753125803118039,0.8037909794219937,62.77616216377893
69,1.15,1.4178872197491867,-180.45977658170037,0.3739625467832583,0.30625,195.91836734693877,0.10718749999999999,154.67310344514317,161.9664170619168,174.82212873290737,153.76610613639355,16.093269256179298,False,507.0855454067347,81.53679231242909,48.86236674550183,0.6358559693436092,0.32656711615121864,0.05313423230243727,0.0,0.03333770459841731,0.739024453586521,0.7544720031559309,61.44878998058394
70,1.1666666666666667,1.5355906782268554,110.74318994453628,0.3739625467832583,0.30625,195.91836734693877,0.10718749999999999,151.0815354631521,155.95456863801252,174.93219112471706,163.67719495819122,21.90788688450722,False,527.3893919941326,81.53679231242909,48.86236674550183,0.6649290574852489,0.3294230269769846,0.05884605395396929,0.0,0.06409970549667376,0.7119808017772191,0.7272326737822872,60.1041571950245
71,1.1833333333333333,1.5753888222872545,-146.3075968666659,0.3739625467832583,0.30625,195.91836734693877,0.10718749999999999,149.8284568984928,152.7977312712122,171.02943055051043,167.29643299812236,24.207478783094164,False,534.2545718445514,81.53679231242909,48.86236674550183,0.6764270169781835,0.3300842636246427,0.06016852724928546,0.0,0.02345870149012374,0.7002177511427833,0.7254293863724885,59.26302185432451
72,1.2,1.4793129339445734,-69.66354295744006,0.3739625467832583,0.30625,195.91836734693877,0.10718749999999999,149.76559277330145,151.4214336263533,170.31508729989153,167.80447612816613,24.657014076984062,False,517.6814811054389,81.53679231242909,48.86236674550183,0.6786746934476331,0.32542894981856385,0.05085789963712769,0.0,0.004107715013161249,0.7008825092224581,0.7361868988483175,59.38127969871003
73,1.2166666666666666,1.4716843210553427,65.34355256384521,0.3739625467832583,0.30625,195.91836734693877,0.10718749999999999,155.41124488263705,168.42004535647595,170.6309899383447,174.13259073238214,28.20032316041454,False,516.3655453820467,81.53679231242909,48.86236674550183,0.6963912388647855,0.34667253081625754,0.09334506163251509,0.0,0.02225870401456994,0.8481086042319099,0.7848657060799068,60.01534785500756
74,1.2333333333333334,1.4268411449151333,-51.09619677072747,0.3739625467832583,0.30625,195.91836734693877,0.10718749999999999,158.05468122454735,177.23365431983515,171.17886486000145,176.37810864104262,29.467280578350383,False,508.63009749786045,81.53679231242909,48.86236674550183,0.7027260259544647,0.3607526670856735,0.121505334171347,0.0,0.00806531431949461,0.91692887144409,0.8086926259997627,61.02271685274805
75,1.25,1.4785865162796208,109.605207794615,0.3739625467832583,0.30625,195.91836734693877,0.10718749999999999,162.28086646633176,144.31440154758855,172.4759567533681,172.05204730264643,29.324996093967343,False,517.5561740582345,81.53679231242909,48.86236674550183,0.7020146035325494,0.3678911758920301,0.13578235178406017,0.0,0.03851120902706104,0.9928322802318724,0.9125873806855058,62.01690681633537
76,1.2666666666666666,1.4703917477661017,-81.84720164570962,0.3739625467832583,0.30625,195.91836734693877,0.10718749999999999,164.11619696784845,113.9940169439465,173.0869513806228,169.72732069941165,28.929053876162865,False,516.1425764896526,81.53679231242909,48.86236674550183,0.7000348924435271,0.44718109360721975,0.2943621872144395,0.0,0.01577587250834617,1.0131305730641398,0.9523833792812916,63.4944493099957
77,1.2833333333333334,1.4558002992389603,-42.65108984526579,0.3739625467832583,0.30625,195.91836734693877,0.10718749999999999,164.5606220408823,105.97938122799407,173.38435242498772,168.90118856129592,28.730523026468724,False,513.6255516187207,81.53679231242909,48.86236674550183,0.6990422381950563,0.4532067660513671,0.30641353210273425,0.0,0.00392834612962484,1.0180165248124298,0.9611124090089962,64.25158629523597
78,1.3,1.5045471417784266,91.39291654909364,0.3739625467832583,0.30625,195.91836734693877,0.10718749999999999,163.98834379032866,164.47535968957942,177.56681501940653,164.93725148998857,26.80271297110116,False,522.0343819567786,81.53679231242909,48.86236674550183,0.6894031879182185,0.3163539540014797,0.03270790800295942,0.0,0.02931527043969237,1.1095427875770303,1.010851273464404,63.42571029236197
79,1.3166666666666667,1.507787665493633,-64.71640226561321,0.3739625467832583,0.30625,195.91836734693877,0.10718749999999999,163.63386292973286,173.37069134162846,179.47623556247908,163.3155616200256,25.909303996467187,False,522.5933722976517,81.53679231242909,48.86236674550183,0.6849361430450487,0.34992754993855085,0.079151401989096,0.0517592447200144,0.011338489875364247,1.1508164803974648,1.0299761613887282,63.29706195085929
80,1.3333333333333333,1.6918062730837586,306.7885616357148,0.3739625467832583,0.30625,195.91836734693877,0.10718749999999999,157.37580509844227,166.50582509308592,179.28956934072605,163.6287721246589,22.997280631554716,True,554.3365821069483,81.53679231242909,48.86236674550183,0.6703760262204863,0.3419166455923417,0.08383329118468345,0.0,0.09655754500045899,1.0486322008915747,0.860279542388828,63.3862626821904
81,1.35,1.6870921754095614,-202.7275382102154,0.3739625467832583,0.30625,195.91836734693877,0.10718749999999999,155.1107212820324,164.74386270212437,178.99464464693253,164.1627371661198,21.7652734131359,True,553.5234002581493,81.53679231242909,48.86236674550183,0.6642159901283922,0.3420285524196085,0.084057104839217,0.0,0.04024433318448121,0.9906579086022843,0.7824069074934012,63.1552671799353
82,1.3666666666666667,1.7313593837413686,4.278326812225572,0.3739625467832583,0.30625,195.91836734693877,0.10718749999999999,162.93578106858,170.67463466713457,172.75219531083343,160.59774531822222,18.528451790428598,True,561.159493695386,81.53679231242909,48.86236674550183,0.6480318820148557,0.1425664528017811,0.07121656499228363,0.0,0.04143275744159866,0.9298259446688462,0.7104627373684764,62.287732892797976
83,1.3833333333333333,1.7449574891945951,-104.54471403952807,0.3739625467832583,0.30625,195.91836734693877,0.10718749999999999,166.44702542657424,172.96903831982007,170.13128278814003,158.97135783976026,17.396123422885818,False,563.5051668860676,81.53679231242909,48.86236674550183,0.6423702401771418,0.33185627914531335,0.06371255829062668,0.0,0.012392555612461612,0.9086176275689475,0.6908372276965278,62.678442081210484
84,1.4,1.6847027367943073,-37.06663402283789,0.3739625467832583,0.30625,195.91836734693877,0.10718749999999999,167.76873912488134,173.9218227157941,169.4150187332919,158.47532184109184,17.177343640575415,False,553.1112220970181,81.53679231242909,48.86236674550183,0.6412763412655897,0.32949635801915184,0.05899271603830365,0.0,0.0020962671483411004,0.9084021634992717,0.6902213986254805,62.66161987260747
85,1.4166666666666667,1.766064452350041,186.33025681663864,0.3739625467832583,0.30625,195.91836734693877,0.10718749999999999,156.64054669707994,178.21481290884415,170.75458419811247,152.95687277691113,13.985069573012371,False,567.146118030382,81.53679231242909,48.86236674550183,0.6253149709277745,0.36679182312564285,0.13358364625128571,0.0,0.0538546780306394,0.6110484292593634,0.7448051480379569,63.35239694337661
86,1.4333333333333333,1.7185822751249837,-114.77012785522004,0.3739625467832583,0.30625,195.91836734693877,0.10718749999999999,148.73315332036842,175.08910458680387,172.61111546477719,150.90194456887045,12.78793652720912,False,558.9554424590597,81.53679231242909,48.86236674550183,0.6193293056987583,0.38197080820734575,0.16394161641469146,0.0,0.02197408313407341,0.48621480283220236,0.7622421885822659,64.31099234824222
87,1.45,1.7883534124052274,110.18296571893787,0.3739625467832583,0.30625,195.91836734693877,0.10718749999999999,135.937894780631,173.6420068172278,174.8898446054202,147.6761757746366,10.351660103042144,True,570.9909636399017,81.53679231242909,48.86236674550183,0.6071479235779235,0.4194258654705339,0.23885173094106782,0.0,0.05258046617321045,0.4686755401503071,0.8714239975208949,65.56615905196999
88,1.4666666666666666,1.7648453923167198,-116.28058075971204,0.3739625467832583,0.30625,195.91836734693877,0.10718749999999999,131.4989189285471,173.58345259204265,175.06274442098655,146.6681284323483,9.488809884185477,True,566.9358301746341,81.53679231242909,48.86236674550183,0.6028336724836401,0.42766145175722897,0.25532290351445797,0.0,0.020280300975048977,0.4785711699665177,0.9170200204703345,66.17547513901975
89,1.4833333333333334,1.754245035429444,-51.83205141338037,0.3739625467832583,0.30625,195.91836734693877,0.10718749999999999,130.82844156604727,173.98511774782511,174.9627274910175,146.6750645935469,9.419057786516717,True,565.1072686115791,81.53679231242909,48.86236674550183,0.6024849119952963,0.42801832537412965,0.2560366507482594,0.0,0.0058825071880415445,0.497756873478756,0.9292884900550884,66.43511246703883
90,1.5,1.8008683435460275,67.75029273835958,0.3739625467832583,0.30625,195.91836734693877,0.10718749999999999,146.2160061258124,167.6714522303834,179.64568922869506,144.87019459858422,10.364808118796468,True,573.1497892616898,81.53679231242909,48.86236674550183,0.607213663656695,0.3706834973401256,0.14136699468025132,0.0,0.024702035207039928,0.3436906121755363,1.0173000526094775,66.17814852512105
91,1.5166666666666666,1.744360926282968,-48.75680452582549,0.3739625467832583,0.30625,195.91836734693877,0.10718749999999999,150.35212255621835,164.83210985595088,177.8779401597214,144.3627234185666,10.881283768626139,True,563.4022597838119,81.53679231242909,48.86236674550183,0.6097960419058435,0.372543369043303,0.09933555893728083,0.11437794787331293,0.011158476769083858,0.27856028273931877,1.049389713664407,64.76226424447975
92,1.5333333333333334,1.8044277197664516,130.16961651105578,0.3739625467832583,0.30625,195.91836734693877,0.10718749999999999,150.78469287016335,165.39596940505234,170.6177648034411,148.32311149724114,14.672086293073605,True,573.7637816597129,81.53679231242909,48.86236674550183,0.6287500545280807,0.390992537090854,0.10818158415221253,0.18450872507373883,0.04731670791669867,0.21767794599580428,0.956820344512014,63.435524694259605
93,1.55,1.7663091491766072,-94.86829415747563,0.3739625467832583,0.30625,195.91836734693877,0.10718749999999999,150.590889063598,166.18103442535627,167.86318809850812,150.29352972741736,16.432657669178404,True,567.1883282329647,81.53679231242909,48.86236674550183,0.6375529114086047,0.4336855112776717,0.1152841862622811,0.38021709073265564,0.020964400821789544,0.20308163427287748,0.9101683501076945,64.0139563496494
94,1.5666666666666667,1.849132066321931,129.2375208775933,0.3739625467832583,0.30625,195.91836734693877,0.10718749999999999,152.46282010776704,176.62154963613935,159.24246646309038,159.92437431762028,20.89750566770623,True,581.4752814405331,81.53679231242909,48.86236674550183,0.6598771514012438,0.4189459757976813,0.16747325447912012,0.1760467427906063,0.05686371648459382,0.12641933291529253,0.7956309647885209,64.69075952389261
95,1.5833333333333333,1.8860222824706045,-127.89751831652718,0.3739625467832583,0.30625,195.91836734693877,0.10718749999999999,152.7369912986041,169.0070419920632,155.61570900798299,164.10385330300667,22.689391483293203,False,587.8388437261792,81.53679231242909,48.86236674550183,0.6688365804791787,0.4437626175662165,0.13324820293355671,0.3856925804971904,0.021336623800085778,0.09641003484879392,0.743606111073605,65.0836104267934
96,1.6,1.7914810617495525,-53.471318234586676,0.3739625467832583,0.30625,195.91836734693877,0.10718749999999999,152.77248102023245,166.93634120347613,154.92872077819808,165.06175948848613,22.998671903086233,False,571.5304831517977,81.53679231242909,48.86236674550183,0.6703829825781439,0.4238730776687345,0.11809930528027289,0.3241171251429904,0.006483478063656592,0.09092748153917136,0.734307897693116,65.36912156122303
97,1.6166666666666667,1.792434930530573,57.42232871718777,0.3739625467832583,0.30625,195.91836734693877,0.10718749999999999,154.04787899804472,147.9381744029496,153.81233258776246,174.168238364733,29.11668015261058,True,571.6950255165237,81.53679231242909,48.86236674550183,0.7009730238257657,0.4226312544744476,0.0910203391282868,0.3856054245515212,0.022434126843619565,0.20796783903413546,0.7707318649554367,66.20848795832562
98,1.6333333333333333,1.640982840947993,-52.90109310319285,0.3739625467832583,0.30625,195.91836734693877,0.10718749999999999,154.28632478076432,131.59890439478033,153.1746707475252,177.7312314949165,31.754631327449612,True,545.5695400635287,81.53679231242909,48.86236674550183,0.7141627796999608,0.43940552739487376,0.19079086403914683,0.22005047687650175,0.00773937699602961,0.26547930329655006,0.7912281286510435,67.41883383596405
99,1.65,1.6600372990713501,126.45199087428176,0.3739625467832583,0.30625,195.91836734693877,0.10718749999999999,152.19241097923373,150.87009555606608,162.37959030664683,177.58056577630862,32.033850929480096,True,548.8564340898079,81.53679231242909,48.86236674550183,0.7155588777101132,0.3633464044087843,0.057403320648345385,0.17322372042305795,0.04286493423172967,0.6189080468698628,0.7595281645402263,67.48643195529044
100,1.6666666666666667,1.5673857085121008,-90.32768561990154,0.3739625467832583,0.30625,195.91836734693877,0.10718749999999999,149.6343067888263,99.58624384156464,165.29713139999657,176.80043578312197,31.644740271210427,True,532.8740347183374,81.53679231242909,48.86236674550183,0.7136133244187648,0.4660372562308542,0.3320745124617084,0.0,0.017773907437500826,0.7615639530285829,0.7399211027622263,68.54761446571803
101,1.6833333333333333,1.531958696802483,-43.30336111758264,0.3739625467832583,0.30625,195.91836734693877,0.10718749999999999,148.84957834370732,99.28523762139064,166.2728223263677,176.04387526729343,31.246881961117282,True,526.7628751984283,81.53679231242909,48.86236674550183,0.7116240328682992,0.4658500383515761,0.33170007670315227,0.0,0.005745194572504526,0.7976575445190522,0.7365151300153975,69.37165992041923
102,1.7,1.7192280697642617,331.1899253998669,0.3739625467832583,0.30625,195.91836734693877,0.10718749999999999,148.56099747477506,166.77164297823987,161.52000889573793,176.7038577060634,35.71641753472992,True,559.0668420343351,81.53679231242909,48.86236674550183,0.7339717107363624,0.37229619982354545,0.14459239964709092,0.0,0.0977424071121314,0.9095610726700135,0.8001406704361111,69.1272194994601
103,1.7166666666666666,1.7597115010016788,-198.87112668712504,0.3739625467832583,0.30625,195.91836734693877,0.10718749999999999,149.0683777286194,134.45874855803,159.02341015377033,173.44219166700054,37.86588627582874,True,566.0502339227895,81.53679231242909,48.86236674550183,0.7447190544418565,0.3806645096608388,0.16132901932167765,0.0,0.042500420847781537,0.9522239133643242,0.8313464506176533,68.74235076929422
104,1.7333333333333334,1.856296376985095,49.88639771311316,0.3739625467832583,0.30625,195.91836734693877,0.10718749999999999,143.51668126397132,126.05733707878679,167.14421471929833,177.51137078361634,33.09206221996992,True,582.7111250299289,81.53679231242909,48.86236674550183,0.7208499341625623,0.4019388498831931,0.20387769976638626,0.0,0.05635775520874934,1.1993551439246701,0.8021281394813479,68.5554109750767
105,1.75,1.8418572302773508,-90.23802105888039,0.3739625467832583,0.30625,195.91836734693877,0.10718749999999999,140.69534751260989,126.42757912489185,171.40265979381672,179.05490060609196,30.372161962244565,True,580.220372222843,81.53679231242909,48.86236674550183,0.7072504328739355,0.3955034228473723,0.19100684569474458,0.0,0.031291635240014534,1.3147079470994414,0.7378213474308565,68.75502931448968
106,1.7666666666666666,1.9443186266534578,128.5737632799652,0.3739625467832583,0.30625,195.91836734693877,0.10718749999999999,138.85122995101554,127.67679029974603,162.78276943938872,166.8788167048563,32.54643983032443,True,597.8949630977214,81.53679231242909,48.86236674550183,0.7181218222143348,0.3913237061126472,0.1826474122252944,0.0,0.06700657377024129,0.8477619931545635,0.4202288320897898,69.17182953517965
107,1.7833333333333334,1.9980811771592102,-130.30900715242788,0.3739625467832583,0.30625,195.91836734693877,0.10718749999999999,135.79505743255817,125.34307066167457,156.658949319484,160.41764522770683,33.79559469010357,True,607.1690030599636,81.53679231242909,48.86236674550183,0.7243675965132306,0.3954771376498621,0.19095427529972422,0.0,0.030809622995377813,0.5879971857136701,0.26745693282312893,69.46554700217918
108,1.8,1.955418879473933,-82.17179978087725,0.3739625467832583,0.30625,195.91836734693877,0.10718749999999999,134.66731828261265,124.94497064990902,154.16203244823183,158.48824071346652,34.31554120142247,True,599.8097567092534,81.53679231242909,48.86236674550183,0.7269673290698251,0.4020367726037068,0.18720737265369336,0.042165431384300685,0.007984120317184923,0.49738719259409725,0.22924912500919464,69.62612446555848
109,1.8166666666666667,1.956200849136872,13.48327426919533,0.3739625467832583,0.30625,195.91836734693877,0.10718749999999999,142.2903443996827,150.789104696268,166.78365417076395,168.94988209178985,30.436840267845948,True,599.9446464761104,81.53679231242909,48.86236674550183,0.7075738244019425,0.40913812553330287,0.12715706356670214,0.2277979687497588,0.011729474730292755,0.6401392178840978,0.3486137726988855,69.06520983334268
110,1.8333333333333333,1.770945143460067,-28.07923388375816,0.3739625467832583,0.30625,195.91836734693877,0.10718749999999999,147.56574098654684,164.82294402559404,174.4578633615725,174.5704451813768,28.631964990166235,True,567.9880372468615,81.53679231242909,48.86236674550183,0.6985494480135439,0.41034296796234043,0.1445334641471193,0.19038117944390393,0.003929686604385498,0.7027798917944106,0.4034920367191746,69.25994922865526
111,1.85,1.8398790844417336,254.81379832255035,0.3739625467832583,0.30625,195.91836734693877,0.10718749999999999,145.65878034072497,160.0576816645985,176.81207619115855,178.78631351489764,26.570736295694683,True,579.879142066199,81.53679231242909,48.86236674550183,0.6882433045411862,0.3726526703728472,0.13745373500728303,0.019629014346028772,0.07471130574333334,0.8336996406067904,0.3680392349501229,69.38203209317513
112,1.8666666666666667,1.8234133428401833,-149.4410926144016,0.3739625467832583,0.30625,195.91836734693877,0.10718749999999999,144.48083741030428,155.8169944454992,177.10924704473493,179.569318145164,25.920729006717348,False,577.0388016399316,81.53679231242909,48.86236674550183,0.6849932680962996,0.37740244019521824,0.12305197702008842,0.07938225842587013,0.03319988614685118,0.8820749733047888,0.35844735754337836,69.59668379486827
113,1.8833333333333333,1.8165108075779082,-87.33094366165847,0.3739625467832583,0.30625,195.91836734693877,0.10718749999999999,143.12288834945454,151.20121601666153,176.5300769145982,179.9315959670102,25.830533529024773,False,575.8481143071891,81.53679231242909,48.86236674550183,0.6845422907078367,0.3815715435854603,0.1146659894260061,0.1211927443622863,0.008941287774248014,0.8957874172567134,0.33913485829068196,68.72786118365683
114,1.9,1.9266352612720314,173.58193345976505,0.3739625467832583,0.30625,195.91836734693877,0.10718749999999999,160.21004503566002,172.294828297353,175.71342891959665,168.23361813706595,23.23203947418645,False,594.8445825694255,81.53679231242909,48.86236674550183,0.671549820433645,0.3560451105158864,0.11209022103177274,0.0,0.05715849729913591,1.1949586987479381,0.6780729581923298,69.14693879876779
115,1.9166666666666667,1.8631893739360252,-126.09633829199399,0.3739625467832583,0.30625,195.91836734693877,0.10718749999999999,168.27995910971384,179.85843859737568,172.8737691950402,164.50941291782019,22.35614613508525,False,583.9001670039643,81.53679231242909,48.86236674550183,0.667170353738139,0.3521033040623144,0.10420660812462884,0.0,0.022131732459259593,1.3272017318092533,0.8422147123083857,67.77856129399288
116,1.9333333333333333,1.8353019782680424,-50.764846693095585,0.3739625467832583,0.30625,195.91836734693877,0.10718749999999999,138.5420332391583,172.45705639610583,172.51370400845428,167.9820959932508,24.413064449979558,True,579.0895912512373,81.53679231242909,48.86236674550183,0.6774549453126105,0.4225308489685411,0.2450616979370822,0.0,0.00803038446346013,0.7126280268168017,0.7769605276663257,67.51000987271564
117,1.95,1.7365553822284747,-17.363587297121917,0.3739625467832583,0.30625,195.91836734693877,0.10718749999999999,69.55735504417045,167.7796382078974,165.15212776048364,169.8032107276573,25.354122515980272,True,562.0558034344119,81.53679231242909,48.86236674550183,0.6821602356426142,0.5090575366966177,0.3820040406044013,0.09027758197208505,0.0032071651910289263,0.4775885839392866,0.7363479643167196,68.32642553006784
118,1.9666666666666666,1.7508001929336188,87.10393917769866,0.3739625467832583,0.30625,195.91836734693877,0.10718749999999999,102.0686330637785,163.06454717601872,147.7820395535186,173.13660886068521,29.483380389115585,True,564.5130332810492,81.53679231242909,48.86236674550183,0.7028065250082907,0.46521059202689685,0.3304211840537937,0.0,0.027402706754965332,0.09709585512008193,0.7133186600625004,69.28078185013106
119,1.9833333333333334,1.7650971418444166,-51.73820264883512,0.3739625467832583,0.30625,195.91836734693877,0.10718749999999999,105.0430850226831,161.5584212270357,139.9457035999033,174.53210920770792,31.26631892159775,False,566.9792569681618,81.53679231242909,48.86236674550183,0.7117212176707015,0.5715630227481115,0.3264814978289181,0.5416113691682627,0.013030982072348854,0.03128097913903999,0.702835749568408,70.04248399422708
120,2.0,1.7244896413471906,-31.077710266402832,0.3739625467832583,0.30625,195.91836734693877,0.10718749999999999,106.74567830502846,161.47532756474686,138.1784845357479,174.92428681322,31.751501771803426,False,559.9744631323904,81.53679231242909,48.86236674550183,0.7141471319217298,0.5895132020381999,0.32129892960175327,0.6443186861866164,0.004398283740202025,0.05439276266643574,0.6985383062294851,70.95884776128464
121,2.0166666666666666,1.764885017620398,97.04836491264543,0.3739625467832583,0.30625,195.91836734693877,0.10718749999999999,124.0298619556559,156.77726571816203,113.93436458975211,179.04593662966363,37.65544084011512,False,566.9426655395187,81.53679231242909,48.86236674550183,0.7436668272632883,0.5259824178447322,0.2595819554251482,0.4809572006607905,0.031356166117548934,0.40265325340163505,0.7422633200352059,71.92376357100574
122,2.033333333333333,1.6968900153134245,-64.93305322710982,0.3739625467832583,0.30625,195.91836734693877,0.10718749999999999,123.81863885752735,154.35761829303013,102.78531550171887,176.16019511659124,40.331471713129886,False,555.2135276415657,81.53679231242909,48.86236674550183,0.7553896230627127,0.483153109501242,0.24583691559542023,0.3011732585176597,0.013319204723361162,0.5600682060028528,0.7660648701996244,72.88403522612597
123,2.05,1.7215567306578217,71.9227876075282,0.3739625467832583,0.30625,195.91836734693877,0.10718749999999999,132.229326568899,146.1830173504555,90.04570836210226,165.5685825277917,47.30129270098666,False,559.4685360384742,81.53679231242909,48.86236674550183,0.7553896230627127,0.4158815049351737,0.16400969013538957,0.1693832993373944,0.03329775923398962,0.744569927384157,0.7546853987742765,73.03343211743338
124,2.066666666666667,1.6333995697738777,-73.84544414844171,0.3739625467832583,0.30625,195.91836734693877,0.10718749999999999,136.6811560069971,142.32868212485639,86.25026420564652,161.07866978148365,50.261513643134414,False,544.2614257859939,81.53679231242909,48.86236674550183,0.7553896230627127,0.369419770165379,0.11622573682112669,0.05653450877407847,0.012785133397907543,0.8030509887544903,0.7455476354562681,72.88849172046959
125,2.0833333333333335,1.5958474565349299,-36.808438020878434,0.3739625467832583,0.30625,195.91836734693877,0.10718749999999999,138.76173554516555,141.88801633830843,86.45004968993422,160.29420565999806,50.7328896823087,False,537.7836862522754,81.53679231242909,48.86236674550183,0.7553896230627127,0.3575357296391437,0.09872136122317476,0.04087524513778158,0.0025605660540486287,0.7968430939005753,0.7425511399479967,72.21449800488578
126,2.1,1.644726009170993,102.10387100592116,0.3739625467832583,0.30625,195.91836734693877,0.10718749999999999,138.8832356067635,133.43661371994529,96.83837323891709,159.21608751582838,48.132460303750236,False,546.2152365819962,81.53679231242909,48.86236674550183,0.7553896230627127,0.3709516245414159,0.12669110655417518,0.038030356321641604,0.03092275584804455,0.7499722178793174,0.657560757567605,71.8748870648016
127,2.1166666666666667,1.6309388907600344,-55.37587239955988,0.3739625467832583,0.30625,195.91836734693877,0.10718749999999999,136.2560433063142,130.0490533781631,101.29728677872714,158.8055815698498,46.7499216443543,False,543.8369586561058,81.53679231242909,48.86236674550183,0.7553896230627127,0.45900780274370084,0.1393669335952651,0.4466216797303415,0.01554056722452667,0.7191914422721514,0.609455203788282,71.76476614307566
128,2.1333333333333333,1.6957656370335608,88.60385483858452,0.3739625467832583,0.30625,195.91836734693877,0.10718749999999999,119.386543205116,120.35442618778232,113.52720888726545,153.1001436179419,41.19386677062739,False,555.0195723882891,81.53679231242909,48.86236674550183,0.7553896230627127,0.4812614518780419,0.1599063702435738,0.5065413337812753,0.04015275207759522,0.6569703066317497,0.2853042530536333,71.61680182448038
129,2.15,1.6407314347433286,-89.29770359550388,0.3739625467832583,0.30625,195.91836734693877,0.10718749999999999,111.09737795917015,116.42658921853435,118.51956590651349,150.31612547409844,38.84754167200879,False,545.5261724932242,81.53679231242909,48.86236674550183,0.7496273314227566,0.5040872795014701,0.19811580177221996,0.5251468930768011,0.015347831435587446,0.6204870559958744,0.1268798115217155,71.61032927062904
130,2.1666666666666665,1.7957957966116995,287.84970717494105,0.3739625467832583,0.30625,195.91836734693877,0.10718749999999999,118.30587709708561,131.034432984652,121.91105354397389,138.75464833859817,38.79253414733256,True,572.2747749155182,81.53679231242909,48.86236674550183,0.7493522937993755,0.43574585536923216,0.20922873678011839,0.1556574348958651,0.09530609302361658,0.4209488932243158,0.31966849948855985,72.00634407760428
131,2.183333333333333,1.871917758383758,-185.39967276516646,0.3739625467832583,0.30625,195.91836734693877,0.10718749999999999,122.57388520661023,135.9343681850577,122.39394286217399,133.2581881511881,39.448710374269936,True,585.4058133211983,81.53679231242909,48.86236674550183,0.7526331749340625,0.4585585327524731,0.20216868460225007,0.2873709522567406,0.04380617774219254,0.3396402365983408,0.5041752454350267,71.31947575553325
132,2.2,1.7004000882618096,-114.56138526426511,0.3739625467832583,0.30625,195.91836734693877,0.10718749999999999,124.54558326715357,137.72713723479038,122.06463345522756,132.20657861480612,39.905497605286435,True,555.8190152251622,81.53679231242909,48.86236674550183,0.7549171110891448,0.41120366898964816,0.18491125819527332,0.09374019946005756,0.011983566905627862,0.31933692197102087,0.5276521790707096,70.3467430163912
133,2.216666666666667,1.6639233338594244,44.20250702367048,0.3739625467832583,0.30625,195.91836734693877,0.10718749999999999,139.04847232194206,164.8424667677559,141.3859330439232,139.12915384362458,32.09879949455271,True,549.5267750907507,81.53679231242909,48.86236674550183,0.7158836205354763,0.40010372891593377,0.19453364270911522,0.014184537806880839,0.0242620425522862,0.1331346602554072,0.649450430144393,69.94481063642812
134,2.2333333333333334,1.569937381381862,-53.63015261121168,0.3739625467832583,0.30625,195.91836734693877,0.10718749999999999,146.08687308996434,173.4103358604882,150.66825791181702,142.6973350619825,28.542122659201297,True,533.3141982883711,81.53679231242909,48.86236674550183,0.6981002363587192,0.3925947839403749,0.1851895678807498,0.0,0.009364776150389033,0.3402854866874425,0.6838955944064724,69.55796960207557
135,2.25,1.6466952476443137,217.1008342328149,0.3739625467832583,0.30625,195.91836734693877,0.10718749999999999,137.3208970334417,176.04173532360628,160.82957695175546,147.031551866723,22.167474229274905,True,546.5549302186441,81.53679231242909,48.86236674550183,0.6662269942090873,0.42826215711109444,0.2565243142221889,0.0,0.06967057067397632,0.4037536875488038,0.6578270295255062,69.27595578153797
136,2.2666666666666666,1.5694185285721252,-148.68847368665453,0.3739625467832583,0.30625,195.91836734693877,0.10718749999999999,131.26430188172114,171.94718205169963,163.68657530199906,148.65116497047092,20.07294606366974,False,533.2246961786916,81.53679231242909,48.86236674550183,0.6557543533810615,0.432857580924889,0.265715161849778,0.0,0.028368211915845532,0.40041969257039367,0.6319869160516449,69.06557659366057
137,2.283333333333333,1.5206510106208948,-78.9924482136975,0.3739625467832583,0.30625,195.91836734693877,0.10718749999999999,128.9848439851757,171.11876191289358,163.4417231719474,148.93567271773767,19.83811242881262,False,524.8122993321043,81.53679231242909,48.86236674550183,0.6545801852067759,0.4333744444699308,0.2667488889398616,0.0,0.006425862556736918,0.3807723297754246,0.6178897554901044,68.87461015876382
138,2.3,1.599232640262379,147.05665213230228,0.3739625467832583,0.30625,195.91836734693877,0.10718749999999999,161.24093575257766,161.11884243903782,157.64281706654018,155.444466070256,20.147356815743457,False,538.3676304452604,81.53679231242909,48.86236674550183,0.65612640714143,0.314792777866657,0.02958555573331403,0.0,0.047274937495375806,0.2455548486396698,0.4050872202843881,67.81688464319836
139,2.316666666666667,1.6102938522761654,-108.0534701684538,0.3739625467832583,0.30625,195.91836734693877,0.10718749999999999,175.35670387731182,156.77085229644698,155.2956774629827,158.49419358898544,20.51528535737574,False,540.2756895176385,81.53679231242909,48.86236674550183,0.6579660498495914,0.3715384645191114,0.12297810397943856,0.05024706264696047,0.017260081069022732,0.1736984232395853,0.290205409031106,68.19240383920413
140,2.3333333333333335,1.7116075722126802,134.37527062988298,0.3739625467832583,0.30625,195.91836734693877,0.10718749999999999,147.0459207512509,169.52009684418564,149.3496439756098,163.67495440400546,19.290593767010453,False,557.7523062066873,81.53679231242909,48.86236674550183,0.6518425918977651,0.42213029418029013,0.15814563877630147,0.21528737396069697,0.05458654961205421,0.08522777652816833,0.1877672985117182,68.91336395438366
141,2.35,1.602445228295605,-124.04309388249548,0.3739625467832583,0.30625,195.91836734693877,0.10718749999999999,130.83329333437638,178.2119240215175,146.46377252447442,165.109174776864,18.81603352593734,False,538.9218018809918,81.53679231242909,48.86236674550183,0.6494697906923994,0.43309203510483263,0.2661840702096652,0.0,0.020130130509924682,0.17823231899583306,0.1604557829220478,69.98858088830507
142,2.3666666666666667,1.6009543487312266,44.36753159193562,0.3739625467832583,0.30625,195.91836734693877,0.10718749999999999,134.49012635080078,174.9265362192635,146.59161210944842,175.80483067023613,16.679903452077035,True,538.6646251561366,81.53679231242909,48.86236674550183,0.6387891403230979,0.4285688533039693,0.25713770660793867,0.0,0.03245444631993558,0.21695037574270773,0.14903857597977924,70.94633047878784
143,2.3833333333333333,1.606697213855481,-74.31020400336388,0.3739625467832583,0.30625,195.91836734693877,0.10718749999999999,138.14084199899514,175.7844829687925,147.10132649602008,179.31232082043036,15.812438871193956,True,539.6552693900704,81.53679231242909,48.86236674550183,0.6344518174186825,0.4192172327154903,0.2384344654309805,0.0,0.011812720508661114,0.21714761422441195,0.2645331074848818,72.05224781311934
144,2.4,1.4986251960781047,-31.284843471164624,0.3739625467832583,0.30625,195.91836734693877,0.10718749999999999,140.3531786491966,176.95512590540574,147.64382410918668,178.00564063083587,15.617925715464162,True,521.012846323473,81.53679231242909,48.86236674550183,0.6334792516400336,0.41266181036943156,0.22532362073886317,0.0,0.0031224851682873003,0.20727278042543754,0.29212882788748484,72.8744720268801
145,2.4166666666666665,1.5161918589990533,100.0532733960138,0.3739625467832583,0.30625,195.91836734693877,0.10718749999999999,143.9470963108885,165.861200435627,145.0781491048801,169.889601212305,15.059224587627012,False,524.0430956773367,81.53679231242909,48.86236674550183,0.6306857460008477,0.37302703128116,0.14605406256232,0.0,0.03091506444673348,0.2970214287012713,0.49083980715393233,72.84541026011644
146,2.433333333333333,1.5269812260185864,-62.96397858369558,0.3739625467832583,0.30625,195.91836734693877,0.10718749999999999,144.4851858510851,159.1036014021707,144.02820053781343,166.6224392445176,14.904434502793102,False,525.9042614882062,81.53679231242909,48.86236674550183,0.6299117955766782,0.3544509563083588,0.10890191261671768,0.0,0.013425068296907707,0.3337181457418316,0.5682425920187095,72.410416743431
147,2.45,1.525624466096823,-39.226614479672975,0.3739625467832583,0.30625,195.91836734693877,0.10718749999999999,139.18807751559876,136.47188846776098,142.20965269636952,165.87955708591744,15.690236189269106,False,525.670220401702,81.53679231242909,48.86236674550183,0.6338408040090582,0.4062821546759307,0.0887613097267336,0.3095074990628197,0.0025287851894445464,0.4212432335018462,0.6775132734832539,71.46704474819835
148,2.466666666666667,1.4757861352550525,-0.1628832423056327,0.3739625467832583,0.30625,195.91836734693877,0.10718749999999999,136.87775719936803,125.93220276061139,141.73536705206874,166.21365714471912,16.05123603961956,False,517.0731083314965,81.53679231242909,48.86236674550183,0.6356458032608105,0.16864911930996718,0.1491694333475253,0.4499616078928185,0.0024835398389301397,0.4545523228832053,0.7127181494441065,69.43510813668794
149,2.4833333333333334,1.4557012318042648,1.8179634415642145,0.3739625467832583,0.30625,195.91836734693877,0.10718749999999999,136.09320516384406,123.52835773347458,141.67122940923056,166.65079917257123,16.184407658906256,False,513.6084624862357,81.53679231242909,48.86236674550183,0.6363116613572439,0.21632893252335963,0.1617803916806959,0.4499482532195316,0.0029885297444078676,0.459729420696736,0.7143724237954258,67.61703544802702
150,2.5,1.4659075121672234,23.44641732689274,0.3739625467832583,0.30625,195.91836734693877,0.10718749999999999,134.9188377555292,112.51163674698526,145.86616313023288,167.83115930875962,16.503414475240927,False,515.369045848846,81.53679231242909,48.86236674550183,0.6379066954389174,0.549420868269361,0.2314083500278109,0.6685834662772775,0.009501424227869738,0.36550432310130404,0.6394751495386768,67.11184978021537
151,2.5166666666666666,1.4115457572627046,-19.17409159546714,0.3739625467832583,0.30625,195.91836734693877,0.10718749999999999,133.74129791940513,108.51512612242489,147.4225986361582,168.45402274567587,16.591485449840704,False,505.99164312781653,81.53679231242909,48.86236674550183,0.6383470503119162,0.5792150658582101,0.2517822642400608,0.7666196686908987,0.004175287034436943,0.3233963804091006,0.6024130169908718,66.7990923504243
152,2.533333333333333,1.4459811124683652,94.90173538112607,0.3739625467832583,0.30625,195.91836734693877,0.10718749999999999,134.99752767457107,101.57829663784187,155.1508261624242,173.6212908566619,16.358753441225808,False,511.931741900793,81.53679231242909,48.86236674550183,0.6371833902688417,0.5470319164542751,0.3030319131422874,0.4775797994156568,0.03053688335925194,0.10670111211921311,0.465356731326166,66.78224496881529
153,2.55,1.4051892737528617,-63.48615332603036,0.3739625467832583,0.30625,195.91836734693877,0.10718749999999999,135.53408594730155,99.56064309208102,157.92510182027092,175.94869613525057,16.259277171910067,False,504.8951497223686,81.53679231242909,48.86236674550183,0.636686008922263,0.5403516281636357,0.31649357074006734,0.41052421396801014,0.0129018386524829,0.009828634157281614,0.4030017096494248,68.50193018780628
154,2.566666666666667,1.4278860895195646,40.434127062753205,0.3739625467832583,0.30625,195.91836734693877,0.10718749999999999,128.11050303293732,106.46574323261656,163.86516702818793,171.8550262839506,15.083187042132257,True,508.8103504421249,81.53679231242909,48.86236674550183,0.630805558273374,0.46721811167489685,0.24536434091260367,0.22267970609297497,0.02413354196216393,0.23287608832009282,0.009157019417941838,68.72114542988751
155,2.5833333333333335,1.444436504218346,-47.87195927932673,0.3739625467832583,0.30625,195.91836734693877,0.10718749999999999,126.51349210209752,108.40082122100384,166.31266586333118,167.46787081916023,14.568077514104488,True,511.66529697766464,81.53679231242909,48.86236674550183,0.6282300106332352,0.5298779162120397,0.22720830572305192,0.5813688167525685,0.01083577389995171,0.3475413852355805,0.22293257336791925,68.53746039309681
156,2.6,1.3904891096477656,-24.792178065168017,0.3739625467832583,0.30625,195.91836734693877,0.10718749999999999,125.8609287456915,108.82352666735898,166.55803383917782,166.36224844057259,14.429928323633767,True,502.3593714142396,81.53679231242909,48.86236674550183,0.6275392646808815,0.531715408152601,0.2201870468814275,0.6081094235594361,0.0039490569443324615,0.358266231016071,0.28546075364093326,67.78721421986889
157,2.6166666666666667,1.4079096133951727,73.08633686508634,0.3739625467832583,0.30625,195.91836734693877,0.10718749999999999,140.48665275506121,121.61386902598383,171.83006118151408,153.59956840145782,16.808664408753597,False,505.3644083106673,81.53679231242909,48.86236674550183,0.6394329451064806,0.5203960611461271,0.18807653950077854,0.6317889569786895,0.024250819620845375,0.8955070161637073,0.8567017427796434,67.18043068390875
158,2.6333333333333333,1.3551313713888797,-37.75387993661247,0.3739625467832583,0.30625,195.91836734693877,0.10718749999999999,146.9064943554773,124.1686137781439,173.52301542373115,147.4648071486936,18.108184769454294,False,496.2601615645817,81.53679231242909,48.86236674550183,0.6459305469099842,0.5152703904958622,0.19190536931941157,0.5965885291807819,0.013763629491101506,1.1687634445967074,1.1618551617366029,66.83113790267676
159,2.65,1.4068270496991906,98.75534169120077,0.3739625467832583,0.30625,195.91836734693877,0.10718749999999999,146.9588467965618,140.2185488293551,177.8165307218087,149.4928235002894,14.291931114649222,True,505.17766607311034,81.53679231242909,48.86236674550183,0.6268492786359589,0.4404645082094983,0.084466568060001,0.49115612089748906,0.041195672141613016,1.583374951204982,1.4183596371492273,65.53314506673638
160,2.6666666666666665,1.25386138410772,-80.54068974484231,0.3739625467832583,0.30625,195.91836734693877,0.10718749999999999,145.88988908468392,146.90191868658678,174.481829144778,151.4537879597857,12.390953797664302,True,478.7910887585816,81.53679231242909,48.86236674550183,0.6173443920510342,0.3919727818606195,0.04036470000110502,0.35895215930033497,0.01882325563891168,1.6901721691838991,1.4534799409856314,64.36872013278693
161,2.683333333333333,1.179279770399028,-44.308387841641554,0.3739625467832583,0.30625,195.91836734693877,0.10718749999999999,144.9382905506115,149.2178838836495,173.7374851775664,152.78278446724872,11.703513708882932,True,465.9257603938323,81.53679231242909,48.86236674550183,0.6139071916071274,0.38043284783485304,0.05198821183070218,0.2721937095975098,0.006515368650398366,1.6686935402361494,1.4020333445032334,63.743229181921244
162,2.7,1.2824925762984647,205.46855082856226,0.3739625467832583,0.30625,195.91836734693877,0.10718749999999999,123.29606382103836,158.1872764248988,171.93729165759493,161.8328498799462,8.088141597033449,True,483.7299694114852,81.53679231242909,48.86236674550183,0.59583033104788,0.415537529925211,0.23107505985042198,0.0,0.06358997295173148,1.1835310240508974,0.8739391033986311,65.0240971501738
163,2.716666666666667,1.287036593393427,-133.40130216815515,0.3739625467832583,0.30625,195.91836734693877,0.10718749999999999,112.17452574581185,161.5435316291443,171.55525053431018,165.53349916573885,6.748739610979487,True,484.5138123603661,81.53679231242909,48.86236674550183,0.5891333211176102,0.4423806833308878,0.2737224701175948,0.027597241360452173,0.026534051236087857,1.0200010824938395,0.6988327498314378,66.85825404557282
164,2.7333333333333334,1.3694817629898846,86.5919134781566,0.3739625467832583,0.30625,195.91836734693877,0.10718749999999999,99.05746115093228,140.6411792144378,177.9000996115217,169.06745620226081,5.895188868811915,True,498.7356041157551,81.53679231242909,48.86236674550183,0.5848655674067723,0.46279916002653926,0.31861688519665077,0.017453587141069506,0.05058736342197283,0.39898962766616036,0.44074041093046396,68.51439761128387
165,2.75,1.2697648789997933,-110.79084254947409,0.3739625467832583,0.30625,195.91836734693877,0.10718749999999999,94.55019163430164,128.40440188191198,172.21955804758858,170.38652262778336,5.8168181162218,True,481.5344416274643,81.53679231242909,48.86236674550183,0.5844737136438217,0.45671644195603595,0.3134328839120719,0.0,0.019812125687424274,0.13516581440276823,0.3412044484834145,68.75108298162193
166,2.7666666666666666,1.2426553459929321,-17.995249758433488,0.3739625467832583,0.30625,195.91836734693877,0.10718749999999999,87.64708629096087,125.77713111489972,155.62990846919905,176.9490524740309,7.0259206329369706,True,476.8580471837808,81.53679231242909,48.86236674550183,0.5905192262273975,0.47525466034280717,0.35050932068561436,0.0,0.014813444599128886,0.4112427400540915,0.00621552087405035,68.91523011101198
167,2.783333333333333,1.2461673146204215,-23.873748578987854,0.3739625467832583,0.30625,195.91836734693877,0.10718749999999999,84.50180248620771,127.79992357274804,148.35182111213692,179.5567242355289,7.676077760153378,True,477.4638617720227,81.53679231242909,48.86236674550183,0.5937700118634797,0.5413656345088864,0.36211289987291545,0.3015459228621439,0.008181846975840663,0.5847754122743772,0.12795293316266207,68.82075007376142
168,2.8,1.1610169027053145,-12.535623268835186,0.3739625467832583,0.30625,195.91836734693877,0.10718749999999999,83.83351637084222,128.72192537748538,146.64090494149718,179.86129445314407,7.949411508217499,True,462.7754157166667,81.53679231242909,48.86236674550183,0.5951366806038002,0.5361219163781653,0.3602406174279267,0.28000803832100996,0.004699728983310126,0.6136964794691985,0.1473767332885535,68.7089981368258
169,2.816666666666667,1.1387618300720272,5.158133746122597,0.3739625467832583,0.30625,195.91836734693877,0.10718749999999999,98.53161522120665,136.98063020824574,137.16962404735042,167.57014837376406,5.634978835159786,True,458.93641568742464,81.53679231242909,48.86236674550183,0.5835645172385117,0.39822753404088573,0.3142632225065124,0.560712895672823,0.006132544084726614,0.942124906150674,0.4989864724435677,68.41505791149
170,2.8333333333333335,1.0329474288015588,-16.031511892636086,0.3739625467832583,0.30625,195.91836734693877,0.10718749999999999,107.2241360855256,140.40518759047853,134.14409254260835,162.31111680422984,4.581208139092757,False,440.68343146826885,81.53679231242909,48.86236674550183,0.5782956637581764,0.5612896111107236,0.26686537623303863,0.6392846149710217,0.0016793458023882679,1.0649658659007726,0.6385335231553473,68.78754833706888
171,2.85,1.0053178668969796,16.689608532143062,0.3739625467832583,0.30625,195.91836734693877,0.10718749999999999,139.55324470803546,151.88347779322592,134.5096576817476,147.55314917824379,2.068154690841616,False,435.917332039729,81.53679231242909,48.86236674550183,0.5657303965169208,0.48692126250739276,0.09161833119649193,0.7055604845457341,0.006315348728748275,1.250614904111168,1.1352662282275443,68.08935355272561
172,2.8666666666666667,0.9441923850516694,-15.925120683821294,0.3739625467832583,0.30625,195.91836734693877,0.10718749999999999,150.73667467542205,156.01885774883277,135.50957259197256,142.24703986259425,1.100814195983897,False,425.373186421413,81.53679231242909,48.86236674550183,0.5608936940426322,0.44959720192955277,0.03328724653572772,0.6647678933084445,0.001891703563516131,1.3164159391723793,1.3606629899207303,66.87828136391491
173,2.8833333333333333,0.9221597881896482,-3.943015255474626,0.3739625467832583,0.30625,195.91836734693877,0.10718749999999999,153.55591431835583,156.8331822316583,136.17911138042777,141.2577000026486,0.9168871658522805,False,421.5725634627143,81.53679231242909,48.86236674550183,0.5599740588919742,0.24384380429591274,0.01871551002077712,0.6795533394932926,0.0007964214166726745,1.3166585976314695,1.4072110919338592,64.6712712490031
174,2.9,1.0479904575479981,234.8690197562726,0.3739625467832583,0.30625,195.91836734693877,0.10718749999999999,164.5352607840718,146.54586151183926,134.3859583055963,141.57720574085002,1.2938528171150159,False,443.2783539270297,81.53679231242909,48.86236674550183,0.5618588871482878,0.3518658629064975,0.10373172581299507,0.0,0.06603782362238216,1.6558870529684546,1.6365009495319063,64.9144937188696
175,2.9166666666666665,1.042902478260312,-135.60028002763906,0.3739625467832583,0.30625,195.91836734693877,0.10718749999999999,169.68320134472606,141.5944011072887,133.73440000710795,142.3365690327681,1.5779022290835283,False,442.4006774999038,81.53679231242909,48.86236674550183,0.5632791342081304,0.38111420254185036,0.1622284050837007,0.0,0.028371074650250988,1.810896402029623,1.7175979403602288,66.08072188739588
176,2.933333333333333,1.1188834743228366,82.96016829123592,0.3739625467832583,0.30625,195.91836734693877,0.10718749999999999,174.0794957018317,132.97594649132085,132.99106370494263,148.30513706062004,3.5826035750609653,False,455.5073993206893,81.53679231242909,48.86236674550183,0.5733026409380175,0.4182724283068908,0.2365448566137817,0.0,0.051415568607599826,1.8106881330111622,1.6380894224441096,67.3509808109255
177,2.95,1.1503486218479577,-119.35513703928613,0.3739625467832583,0.30625,195.91836734693877,0.10718749999999999,175.0027274016051,129.82599162808643,132.72925241483068,151.01012440667355,4.5338276699431175,False,460.93513726877273,81.53679231242909,48.86236674550183,0.5780587614124283,0.4211196053450155,0.24223921069003104,0.0,0.01826135989595994,1.773420983243492,1.576067349344192,67.29060297505619
178,2.966666666666667,1.26069893122135,141.8303995649856,0.3739625467832583,0.30625,195.91836734693877,0.10718749999999999,168.18783466434212,133.71048366340545,136.4017056096133,157.40386821841105,5.007303890011104,False,479.9705656356829,81.53679231242909,48.86236674550183,0.5804261425127683,0.40492882081682957,0.2098576416336592,0.0,0.0576586978361353,1.4195194664528956,1.0782244331175073,67.14546302267254
179,2.9833333333333334,1.2973441374618697,-130.85121423745585,0.3739625467832583,0.30625,195.91836734693877,0.10718749999999999,161.14165579694534,135.66418836795677,138.02388208862823,160.41002678594486,5.133871176379902,False,486.2918637121725,81.53679231242909,48.86236674550183,0.5810589789446122,0.3811188968460629,0.16223779369212582,0.0,0.021311133964023884,1.2789791200939178,0.8790748385884328,66.66691158495489
180,3.0,1.2845142046310503,-65.60882765820367,0.3739625467832583,0.30625,195.91836734693877,0.10718749999999999,158.4400749126428,136.65531645473763,138.57040944118796,160.99927339054395,5.056530444487051,False,484.0787002988562,81.53679231242909,48.86236674550183,0.580672275285148,0.3709823814631662,0.14196476292633237,0.0,0.0030864574275620135,1.2383984019612702,0.828486208295195,65.99911425540256
181,3.0166666666666666,1.4082636873112853,226.66884157385604,0.3739625467832583,0.30625,195.91836734693877,0.10718749999999999,117.69665670843096,121.95958810395895,135.69726876052954,178.55105913962188,6.123750234860124,False,505.4254860611967,81.53679231242909,48.86236674550183,0.5860083742370134,0.37038628913880656,0.14077257827761316,0.0,0.06605003208703875,1.2316215804471953,0.1677749471069061,64.4856350712332
182,3.033333333333333,1.4007595477468315,-141.3547704839243,0.3739625467832583,0.30625,195.91836734693877,0.10718749999999999,106.0264574433824,114.26699104897213,134.18450737713326,173.38042027638892,6.570516734053091,False,504.13102198632845,81.53679231242909,48.86236674550183,0.5882422067329782,0.39610516394306383,0.19221032788612769,0.0,0.026784813351900884,1.2481260000215753,0.13281249294694691,63.210808699812546
183,3.05,1.563088057823516,242.21259768609386,0.3739625467832583,0.30625,195.91836734693877,0.10718749999999999,86.29107923456901,108.40711847576813,136.32283746600294,157.77976325764115,8.49866711865221,True,532.1326899745566,81.53679231242909,48.86236674550183,0.5978829586559737,0.4540180200844618,0.3080360401689236,0.0,0.09406609856067998,1.0078670031319041,0.7295508605894181,62.78560849533271
184,3.066666666666667,1.5914667957609494,-200.67544832131784,0.3739625467832583,0.30625,195.91836734693877,0.10718749999999999,81.24627305468415,107.64327545894739,137.6880433568101,152.34235555132872,9.26134141618065,True,537.0280222687637,81.53679231242909,48.86236674550183,0.601696330143616,0.47023555606952966,0.34047111213905934,0.0,0.03832291178224314,0.9010687940398879,0.9530481854114035,63.31989644120001
185,3.0833333333333335,1.588201678281798,-104.83089561164287,0.3739625467832583,0.30625,195.91836734693877,0.10718749999999999,80.26893248435336,108.25888866475425,138.1833961457946,151.56404757568342,9.423587675376902,True,536.4647895036102,81.53679231242909,48.86236674550183,0.6025075614395972,0.4745878891114843,0.3491757782229687,0.0,0.009203215062422682,0.873971888512556,0.9804962680285693,63.475353597785144
186,3.1,1.7790678443868877,324.64411142028916,0.3739625467832583,0.30625,195.91836734693877,0.10718749999999999,90.15934306875094,109.3235599188083,145.52750610122064,140.98444876907257,11.50128696011181,True,569.3892031567382,81.53679231242909,48.86236674550183,0.6128960578632718,0.4477895726718357,0.29557914534367147,0.0,0.09938214572286196,0.6721004419027706,1.5883934125154586,64.32864606134164
